amfi_code,year_month,avg_nav,min_nav,max_nav,avg_return,scheme_name,fund_house,category
100016,2022-01,512.5353333333334,503.8641,521.7239,-0.07277777353607183,HDFC Top 100 Fund - Regular Plan - Growth,HDFC Mutual Fund,Equity
100016,2022-02,513.930565,504.7492,528.4118,0.019121741774043043,HDFC Top 100 Fund - Regular Plan - Growth,HDFC Mutual Fund,Equity
100016,2022-03,522.5782304347827,503.1674,546.3002,0.24035659755823383,HDFC Top 100 Fund - Regular Plan - Growth,HDFC Mutual Fund,Equity
100016,2022-04,525.631238095238,518.493,534.7762,-0.14658286286610542,HDFC Top 100 Fund - Regular Plan - Growth,HDFC Mutual Fund,Equity
100016,2022-05,504.31245454545456,476.0989,524.0515,-0.4440003609282625,HDFC Top 100 Fund - Regular Plan - Growth,HDFC Mutual Fund,Equity
100016,2022-06,465.13697272727273,451.0707,481.6458,-0.2426466814077054,HDFC Top 100 Fund - Regular Plan - Growth,HDFC Mutual Fund,Equity
100016,2022-07,436.74602380952376,423.8151,452.584,-0.18800974925695182,HDFC Top 100 Fund - Regular Plan - Growth,HDFC Mutual Fund,Equity
100016,2022-08,421.33106086956525,412.293,433.0211,-0.08849025893869994,HDFC Top 100 Fund - Regular Plan - Growth,HDFC Mutual Fund,Equity
100016,2022-09,422.17591363636365,411.1759,431.9494,0.03932512835525335,HDFC Top 100 Fund - Regular Plan - Growth,HDFC Mutual Fund,Equity
100016,2022-10,431.41749047619044,420.0881,444.8448,0.19939997501611342,HDFC Top 100 Fund - Regular Plan - Growth,HDFC Mutual Fund,Equity
100016,2022-11,463.69363636363636,448.4277,485.221,0.3532300912487801,HDFC Top 100 Fund - Regular Plan - Growth,HDFC Mutual Fund,Equity
100016,2022-12,480.96351818181813,469.1246,493.7241,-0.08776219128780761,HDFC Top 100 Fund - Regular Plan - Growth,HDFC Mutual Fund,Equity
100016,2023-01,490.9673363636364,470.8644,510.7491,0.14057483878584723,HDFC Top 100 Fund - Regular Plan - Growth,HDFC Mutual Fund,Equity
100016,2023-02,493.16807,475.7347,510.0352,0.25456811974730875,HDFC Top 100 Fund - Regular Plan - Growth,HDFC Mutual Fund,Equity
100016,2023-03,546.0676913043478,508.6667,570.8065,0.4942229242070343,HDFC Top 100 Fund - Regular Plan - Growth,HDFC Mutual Fund,Equity
100016,2023-04,566.9076600000001,550.7921,574.8786,-0.029625795189331942,HDFC Top 100 Fund - Regular Plan - Growth,HDFC Mutual Fund,Equity
100016,2023-05,566.0105739130435,555.9534,574.5931,-0.035689214015521824,HDFC Top 100 Fund - Regular Plan - Growth,HDFC Mutual Fund,Equity
100016,2023-06,571.0420090909091,560.929,580.6856,0.13784014109778614,HDFC Top 100 Fund - Regular Plan - Growth,HDFC Mutual Fund,Equity
100016,2023-07,578.7580333333333,569.5056,586.7206,-0.06730826081393214,HDFC Top 100 Fund - Regular Plan - Growth,HDFC Mutual Fund,Equity
100016,2023-08,569.4808869565218,558.3838,576.9127,0.05261017828511208,HDFC Top 100 Fund - Regular Plan - Growth,HDFC Mutual Fund,Equity
100016,2023-09,577.0378047619048,558.376,595.1135,-0.01694145478735903,HDFC Top 100 Fund - Regular Plan - Growth,HDFC Mutual Fund,Equity
100016,2023-10,575.2590863636364,558.0026,584.996,0.01625862327156397,HDFC Top 100 Fund - Regular Plan - Growth,HDFC Mutual Fund,Equity
100016,2023-11,573.0608772727272,562.4839,582.6704,-0.021329021905267732,HDFC Top 100 Fund - Regular Plan - Growth,HDFC Mutual Fund,Equity
100016,2023-12,582.6871809523809,571.634,597.2339,0.2038682915301901,HDFC Top 100 Fund - Regular Plan - Growth,HDFC Mutual Fund,Equity
100016,2024-01,599.3212173913043,591.6287,615.1823,0.13103649022351282,HDFC Top 100 Fund - Regular Plan - Growth,HDFC Mutual Fund,Equity
100016,2024-02,603.2157523809524,592.7717,617.8723,-0.08003619180798562,HDFC Top 100 Fund - Regular Plan - Growth,HDFC Mutual Fund,Equity
100016,2024-03,635.6954333333333,610.7152,652.2598,0.28326776958986616,HDFC Top 100 Fund - Regular Plan - Growth,HDFC Mutual Fund,Equity
100016,2024-04,641.0165272727273,630.7702,651.5612,0.019591224285545304,HDFC Top 100 Fund - Regular Plan - Growth,HDFC Mutual Fund,Equity
100016,2024-05,635.8788130434783,616.2197,655.5763,0.08792650590773939,HDFC Top 100 Fund - Regular Plan - Growth,HDFC Mutual Fund,Equity
100016,2024-06,655.375035,638.3989,669.7236,-0.12809825275409525,HDFC Top 100 Fund - Regular Plan - Growth,HDFC Mutual Fund,Equity
100016,2024-07,644.6186956521739,634.6149,653.0019,0.04779253067525845,HDFC Top 100 Fund - Regular Plan - Growth,HDFC Mutual Fund,Equity
100016,2024-08,630.241609090909,604.1821,659.3693,-0.22083550725063497,HDFC Top 100 Fund - Regular Plan - Growth,HDFC Mutual Fund,Equity
100016,2024-09,583.0442095238095,564.0792,609.337,-0.36287103357804673,HDFC Top 100 Fund - Regular Plan - Growth,HDFC Mutual Fund,Equity
100016,2024-10,551.1505652173913,536.6,565.2797,-0.15912254848989837,HDFC Top 100 Fund - Regular Plan - Growth,HDFC Mutual Fund,Equity
100016,2024-11,564.8709285714285,550.7883,578.8713,0.2698140332273325,HDFC Top 100 Fund - Regular Plan - Growth,HDFC Mutual Fund,Equity
100016,2024-12,588.1105772727273,580.1441,594.98,0.1179466982173517,HDFC Top 100 Fund - Regular Plan - Growth,HDFC Mutual Fund,Equity
100016,2025-01,589.0825130434783,568.3745,610.4627,-0.11270638556923847,HDFC Top 100 Fund - Regular Plan - Growth,HDFC Mutual Fund,Equity
100016,2025-02,602.4775999999999,570.8787,626.9322,0.4025290990070102,HDFC Top 100 Fund - Regular Plan - Growth,HDFC Mutual Fund,Equity
100016,2025-03,619.9604,607.7501,632.5999,-0.05569865829299081,HDFC Top 100 Fund - Regular Plan - Growth,HDFC Mutual Fund,Equity
100016,2025-04,611.7436454545455,599.544,640.9097,0.1704116633642066,HDFC Top 100 Fund - Regular Plan - Growth,HDFC Mutual Fund,Equity
100016,2025-05,613.6590363636363,596.8877,633.1555,-0.31915510354983967,HDFC Top 100 Fund - Regular Plan - Growth,HDFC Mutual Fund,Equity
100016,2025-06,603.4611666666666,589.0741,619.5429,0.18074644394460634,HDFC Top 100 Fund - Regular Plan - Growth,HDFC Mutual Fund,Equity
100016,2025-07,602.5797739130435,591.8947,621.4637,-0.10555897207645151,HDFC Top 100 Fund - Regular Plan - Growth,HDFC Mutual Fund,Equity
100016,2025-08,590.5114476190477,574.5884,605.7814,-0.23661970092304058,HDFC Top 100 Fund - Regular Plan - Growth,HDFC Mutual Fund,Equity
100016,2025-09,594.9615,567.2401,621.8251,0.2692785399876294,HDFC Top 100 Fund - Regular Plan - Growth,HDFC Mutual Fund,Equity
100016,2025-10,616.8068999999999,598.7647,645.9572,-0.06805145180041386,HDFC Top 100 Fund - Regular Plan - Growth,HDFC Mutual Fund,Equity
100016,2025-11,601.534615,579.3457,625.9189,0.20249844614324108,HDFC Top 100 Fund - Regular Plan - Growth,HDFC Mutual Fund,Equity
100016,2025-12,618.9595173913043,600.1903,630.7032,0.025426584496658678,HDFC Top 100 Fund - Regular Plan - Growth,HDFC Mutual Fund,Equity
100016,2026-01,632.39165,599.8551,654.5969,-0.18849670045861752,HDFC Top 100 Fund - Regular Plan - Growth,HDFC Mutual Fund,Equity
100016,2026-02,593.402635,581.5162,605.3622,-0.08684688394288431,HDFC Top 100 Fund - Regular Plan - Growth,HDFC Mutual Fund,Equity
100016,2026-03,588.14395,570.4206,608.9224,0.06714034061370024,HDFC Top 100 Fund - Regular Plan - Growth,HDFC Mutual Fund,Equity
100016,2026-04,610.251490909091,592.9127,628.9532,0.023052855113564495,HDFC Top 100 Fund - Regular Plan - Growth,HDFC Mutual Fund,Equity
100016,2026-05,592.4348285714286,578.6237,609.5709,-0.12356540614434681,HDFC Top 100 Fund - Regular Plan - Growth,HDFC Mutual Fund,Equity
100025,2022-01,26.265080952380952,26.1366,26.445,-0.0186492897580842,HDFC Short Term Debt Fund - Regular - Growth,HDFC Mutual Fund,Debt
100025,2022-02,26.448135,26.2091,26.6568,0.05359976170515146,HDFC Short Term Debt Fund - Regular - Growth,HDFC Mutual Fund,Debt
100025,2022-03,26.72411739130435,26.5866,26.8787,0.0472993415001457,HDFC Short Term Debt Fund - Regular - Growth,HDFC Mutual Fund,Debt
100025,2022-04,27.044942857142857,26.7884,27.1932,0.07200294251686147,HDFC Short Term Debt Fund - Regular - Growth,HDFC Mutual Fund,Debt
100025,2022-05,27.17522272727273,27.1011,27.2962,-0.0017735330577225566,HDFC Short Term Debt Fund - Regular - Growth,HDFC Mutual Fund,Debt
100025,2022-06,27.340618181818183,27.1425,27.494,0.052368886506274574,HDFC Short Term Debt Fund - Regular - Growth,HDFC Mutual Fund,Debt
100025,2022-07,27.513399999999997,27.2885,27.6964,-0.013818770957460138,HDFC Short Term Debt Fund - Regular - Growth,HDFC Mutual Fund,Debt
100025,2022-08,27.60015652173913,27.463,27.7744,0.01588705885301996,HDFC Short Term Debt Fund - Regular - Growth,HDFC Mutual Fund,Debt
100025,2022-09,27.50919090909091,27.2724,27.6762,-0.039200610357223706,HDFC Short Term Debt Fund - Regular - Growth,HDFC Mutual Fund,Debt
100025,2022-10,27.283914285714282,27.1295,27.4516,0.015141672414461668,HDFC Short Term Debt Fund - Regular - Growth,HDFC Mutual Fund,Debt
100025,2022-11,27.397063636363637,27.2109,27.6031,-0.008245292604751688,HDFC Short Term Debt Fund - Regular - Growth,HDFC Mutual Fund,Debt
100025,2022-12,27.475854545454546,27.2938,27.6977,0.03593233320853007,HDFC Short Term Debt Fund - Regular - Growth,HDFC Mutual Fund,Debt
100025,2023-01,27.859059090909092,27.5147,28.3296,0.13197957623294243,HDFC Short Term Debt Fund - Regular - Growth,HDFC Mutual Fund,Debt
100025,2023-02,28.135505000000002,28.0221,28.314,-0.03093657086988278,HDFC Short Term Debt Fund - Regular - Growth,HDFC Mutual Fund,Debt
100025,2023-03,28.259126086956524,27.9723,28.465,0.016043253917227215,HDFC Short Term Debt Fund - Regular - Growth,HDFC Mutual Fund,Debt
100025,2023-04,28.27325,28.1176,28.3933,0.020163957916122254,HDFC Short Term Debt Fund - Regular - Growth,HDFC Mutual Fund,Debt
100025,2023-05,28.523195652173914,28.2997,28.7494,0.018511036748489567,HDFC Short Term Debt Fund - Regular - Growth,HDFC Mutual Fund,Debt
100025,2023-06,28.22446818181818,27.6987,28.6251,-0.12702823148113954,HDFC Short Term Debt Fund - Regular - Growth,HDFC Mutual Fund,Debt
100025,2023-07,27.672461904761906,27.5108,27.8515,-0.019568622912400985,HDFC Short Term Debt Fund - Regular - Growth,HDFC Mutual Fund,Debt
100025,2023-08,28.179695652173915,27.6071,28.6114,0.12331178345805481,HDFC Short Term Debt Fund - Regular - Growth,HDFC Mutual Fund,Debt
100025,2023-09,28.54035238095238,28.4298,28.665,0.048990176398541356,HDFC Short Term Debt Fund - Regular - Growth,HDFC Mutual Fund,Debt
100025,2023-10,28.601004545454543,28.5152,28.7481,-0.023677043559787815,HDFC Short Term Debt Fund - Regular - Growth,HDFC Mutual Fund,Debt
100025,2023-11,28.5253,28.3372,28.7022,0.0057278595944767466,HDFC Short Term Debt Fund - Regular - Growth,HDFC Mutual Fund,Debt
100025,2023-12,28.3998,28.2893,28.5165,-0.02706531789272977,HDFC Short Term Debt Fund - Regular - Growth,HDFC Mutual Fund,Debt
100025,2024-01,28.617147826086956,28.4721,28.7699,0.05853810055937508,HDFC Short Term Debt Fund - Regular - Growth,HDFC Mutual Fund,Debt
100025,2024-02,28.49367142857143,28.2211,28.8278,-0.08356380817564622,HDFC Short Term Debt Fund - Regular - Growth,HDFC Mutual Fund,Debt
100025,2024-03,28.17835714285714,28.0517,28.2889,-0.018511244123320374,HDFC Short Term Debt Fund - Regular - Growth,HDFC Mutual Fund,Debt
100025,2024-04,28.11400909090909,27.8758,28.3681,0.004156807849772535,HDFC Short Term Debt Fund - Regular - Growth,HDFC Mutual Fund,Debt
100025,2024-05,28.133165217391305,27.926,28.3848,0.03170921169057961,HDFC Short Term Debt Fund - Regular - Growth,HDFC Mutual Fund,Debt
100025,2024-06,28.520245,28.2258,28.7582,0.06345633544757534,HDFC Short Term Debt Fund - Regular - Growth,HDFC Mutual Fund,Debt
100025,2024-07,28.873134782608695,28.6688,28.9516,0.024261430021020543,HDFC Short Term Debt Fund - Regular - Growth,HDFC Mutual Fund,Debt
100025,2024-08,29.023272727272726,28.8784,29.1478,0.010838900488269182,HDFC Short Term Debt Fund - Regular - Growth,HDFC Mutual Fund,Debt
100025,2024-09,29.23655238095238,29.044,29.4022,0.04141562373197579,HDFC Short Term Debt Fund - Regular - Growth,HDFC Mutual Fund,Debt
100025,2024-10,29.27596956521739,28.9967,29.4964,0.009710718760733985,HDFC Short Term Debt Fund - Regular - Growth,HDFC Mutual Fund,Debt
100025,2024-11,29.45632857142857,29.2917,29.5474,0.001057422476974104,HDFC Short Term Debt Fund - Regular - Growth,HDFC Mutual Fund,Debt
100025,2024-12,29.55945909090909,29.2373,29.8716,0.0626231935096982,HDFC Short Term Debt Fund - Regular - Growth,HDFC Mutual Fund,Debt
100025,2025-01,29.68381739130435,29.4417,29.8502,-0.037134541182368516,HDFC Short Term Debt Fund - Regular - Growth,HDFC Mutual Fund,Debt
100025,2025-02,29.848225000000003,29.5071,30.1061,0.1056314452601137,HDFC Short Term Debt Fund - Regular - Growth,HDFC Mutual Fund,Debt
100025,2025-03,30.026376190476192,29.9012,30.2263,-0.014532480819134134,HDFC Short Term Debt Fund - Regular - Growth,HDFC Mutual Fund,Debt
100025,2025-04,30.22022272727273,29.8383,30.707,0.1099941233162775,HDFC Short Term Debt Fund - Regular - Growth,HDFC Mutual Fund,Debt
100025,2025-05,30.71395909090909,30.4232,30.8049,0.008931779036468064,HDFC Short Term Debt Fund - Regular - Growth,HDFC Mutual Fund,Debt
100025,2025-06,31.031623809523808,30.756,31.2516,0.02436558757158582,HDFC Short Term Debt Fund - Regular - Growth,HDFC Mutual Fund,Debt
100025,2025-07,31.360891304347827,30.7918,31.8518,0.12231008108226589,HDFC Short Term Debt Fund - Regular - Growth,HDFC Mutual Fund,Debt
100025,2025-08,31.757342857142856,31.5041,32.098,-0.044084735499962294,HDFC Short Term Debt Fund - Regular - Growth,HDFC Mutual Fund,Debt
100025,2025-09,31.219586363636367,30.9785,31.4695,-0.007364531545363384,HDFC Short Term Debt Fund - Regular - Growth,HDFC Mutual Fund,Debt
100025,2025-10,31.655752173913044,31.4328,31.9829,0.0731375454089643,HDFC Short Term Debt Fund - Regular - Growth,HDFC Mutual Fund,Debt
100025,2025-11,32.39406,31.8841,32.6726,0.10701529979258603,HDFC Short Term Debt Fund - Regular - Growth,HDFC Mutual Fund,Debt
100025,2025-12,32.42398260869565,32.2873,32.619,-0.026329346285589385,HDFC Short Term Debt Fund - Regular - Growth,HDFC Mutual Fund,Debt
100025,2026-01,32.13111818181818,31.9706,32.288,-0.04571439301975535,HDFC Short Term Debt Fund - Regular - Growth,HDFC Mutual Fund,Debt
100025,2026-02,31.974200000000003,31.5886,32.2229,-0.08723241302267092,HDFC Short Term Debt Fund - Regular - Growth,HDFC Mutual Fund,Debt
100025,2026-03,31.565513636363633,31.2896,31.7173,0.017947968458726336,HDFC Short Term Debt Fund - Regular - Growth,HDFC Mutual Fund,Debt
100025,2026-04,31.92666363636364,31.666,32.1871,0.0547711252344485,HDFC Short Term Debt Fund - Regular - Growth,HDFC Mutual Fund,Debt
100025,2026-05,31.89084285714286,31.6652,32.0496,-0.030808747692696793,HDFC Short Term Debt Fund - Regular - Growth,HDFC Mutual Fund,Debt
100033,2022-01,104.88486666666665,102.6627,107.3758,-0.019253037917978964,HDFC Mid-Cap Opportunities Fund - Regular - Growth,HDFC Mutual Fund,Equity
100033,2022-02,106.03194,103.4831,108.8337,-0.15477017045230415,HDFC Mid-Cap Opportunities Fund - Regular - Growth,HDFC Mutual Fund,Equity
100033,2022-03,104.90156086956522,97.423,111.6641,-0.2509270801473244,HDFC Mid-Cap Opportunities Fund - Regular - Growth,HDFC Mutual Fund,Equity
100033,2022-04,96.87464761904762,95.2397,100.4489,0.06636562749194515,HDFC Mid-Cap Opportunities Fund - Regular - Growth,HDFC Mutual Fund,Equity
100033,2022-05,96.48600909090909,93.5553,98.6144,-0.10673364906730974,HDFC Mid-Cap Opportunities Fund - Regular - Growth,HDFC Mutual Fund,Equity
100033,2022-06,99.66051818181818,94.8316,107.1737,0.49639488370680723,HDFC Mid-Cap Opportunities Fund - Regular - Growth,HDFC Mutual Fund,Equity
100033,2022-07,106.49229523809524,102.2411,115.151,0.350825465568238,HDFC Mid-Cap Opportunities Fund - Regular - Growth,HDFC Mutual Fund,Equity
100033,2022-08,107.6201,102.3818,111.7737,-0.4155200870050945,HDFC Mid-Cap Opportunities Fund - Regular - Growth,HDFC Mutual Fund,Equity
100033,2022-09,106.7635409090909,103.5045,109.0404,0.1707291125313991,HDFC Mid-Cap Opportunities Fund - Regular - Growth,HDFC Mutual Fund,Equity
100033,2022-10,109.28221904761904,106.1951,112.0856,0.03862855441813502,HDFC Mid-Cap Opportunities Fund - Regular - Growth,HDFC Mutual Fund,Equity
100033,2022-11,109.53437272727273,106.0727,114.2519,0.035565348445777294,HDFC Mid-Cap Opportunities Fund - Regular - Growth,HDFC Mutual Fund,Equity
100033,2022-12,118.03484545454545,106.2683,125.3221,0.5834234829555478,HDFC Mid-Cap Opportunities Fund - Regular - Growth,HDFC Mutual Fund,Equity
100033,2023-01,128.61378636363636,122.8864,132.8931,0.31909439414331,HDFC Mid-Cap Opportunities Fund - Regular - Growth,HDFC Mutual Fund,Equity
100033,2023-02,134.554435,132.8995,138.1007,0.03625654772513644,HDFC Mid-Cap Opportunities Fund - Regular - Growth,HDFC Mutual Fund,Equity
100033,2023-03,139.83237391304348,134.4285,144.3846,0.165988882026169,HDFC Mid-Cap Opportunities Fund - Regular - Growth,HDFC Mutual Fund,Equity
100033,2023-04,138.80996,134.8228,141.9523,0.059731079021208014,HDFC Mid-Cap Opportunities Fund - Regular - Growth,HDFC Mutual Fund,Equity
100033,2023-05,146.96654782608695,141.7513,151.3009,0.22817664137841098,HDFC Mid-Cap Opportunities Fund - Regular - Growth,HDFC Mutual Fund,Equity
100033,2023-06,144.62002727272727,141.0096,148.5671,-0.10035371614519567,HDFC Mid-Cap Opportunities Fund - Regular - Growth,HDFC Mutual Fund,Equity
100033,2023-07,143.69119047619046,140.3063,147.1396,-0.002626773278114331,HDFC Mid-Cap Opportunities Fund - Regular - Growth,HDFC Mutual Fund,Equity
100033,2023-08,141.92411304347826,139.363,144.5354,-0.03569953267180442,HDFC Mid-Cap Opportunities Fund - Regular - Growth,HDFC Mutual Fund,Equity
100033,2023-09,148.5985238095238,144.5564,155.6356,0.34797773646856855,HDFC Mid-Cap Opportunities Fund - Regular - Growth,HDFC Mutual Fund,Equity
100033,2023-10,154.53671818181817,149.9818,158.0034,-0.08109968831788868,HDFC Mid-Cap Opportunities Fund - Regular - Growth,HDFC Mutual Fund,Equity
100033,2023-11,156.56852272727272,147.7257,164.3838,0.40292169209377776,HDFC Mid-Cap Opportunities Fund - Regular - Growth,HDFC Mutual Fund,Equity
100033,2023-12,166.59260476190477,159.3612,172.862,0.17362756378237262,HDFC Mid-Cap Opportunities Fund - Regular - Growth,HDFC Mutual Fund,Equity
100033,2024-01,168.2845608695652,164.3576,173.5293,-0.016651739854759495,HDFC Mid-Cap Opportunities Fund - Regular - Growth,HDFC Mutual Fund,Equity
100033,2024-02,171.09624285714284,166.623,177.8014,0.10824519564349133,HDFC Mid-Cap Opportunities Fund - Regular - Growth,HDFC Mutual Fund,Equity
100033,2024-03,176.01628571428571,167.3066,183.3159,0.24949343479236044,HDFC Mid-Cap Opportunities Fund - Regular - Growth,HDFC Mutual Fund,Equity
100033,2024-04,178.14200454545454,172.2063,185.0779,-0.18794035762432362,HDFC Mid-Cap Opportunities Fund - Regular - Growth,HDFC Mutual Fund,Equity
100033,2024-05,188.12034347826085,176.9684,200.0622,0.5497399672939023,HDFC Mid-Cap Opportunities Fund - Regular - Growth,HDFC Mutual Fund,Equity
100033,2024-06,201.34054,190.5088,213.7112,0.2806515895057099,HDFC Mid-Cap Opportunities Fund - Regular - Growth,HDFC Mutual Fund,Equity
100033,2024-07,216.43421304347825,206.7047,222.175,0.2835139386558786,HDFC Mid-Cap Opportunities Fund - Regular - Growth,HDFC Mutual Fund,Equity
100033,2024-08,226.89770454545453,220.8089,233.9016,0.26646732408074864,HDFC Mid-Cap Opportunities Fund - Regular - Growth,HDFC Mutual Fund,Equity
100033,2024-09,232.3170380952381,225.5205,240.2657,0.010933937808619933,HDFC Mid-Cap Opportunities Fund - Regular - Growth,HDFC Mutual Fund,Equity
100033,2024-10,246.7036347826087,237.2095,255.5729,0.3446300418317317,HDFC Mid-Cap Opportunities Fund - Regular - Growth,HDFC Mutual Fund,Equity
100033,2024-11,240.72367619047617,234.2063,251.1777,-0.2501106047936614,HDFC Mid-Cap Opportunities Fund - Regular - Growth,HDFC Mutual Fund,Equity
100033,2024-12,247.65950454545455,240.4008,255.4017,0.10241615531062913,HDFC Mid-Cap Opportunities Fund - Regular - Growth,HDFC Mutual Fund,Equity
100033,2025-01,248.5486,242.638,255.5938,-0.03809307653095395,HDFC Mid-Cap Opportunities Fund - Regular - Growth,HDFC Mutual Fund,Equity
100033,2025-02,233.48098,227.4565,242.1923,-0.28559316869913864,HDFC Mid-Cap Opportunities Fund - Regular - Growth,HDFC Mutual Fund,Equity
100033,2025-03,224.26595238095237,218.0498,228.119,-0.07775673615094784,HDFC Mid-Cap Opportunities Fund - Regular - Growth,HDFC Mutual Fund,Equity
100033,2025-04,223.6693909090909,219.4677,227.4212,0.008039841871398966,HDFC Mid-Cap Opportunities Fund - Regular - Growth,HDFC Mutual Fund,Equity
100033,2025-05,221.4230590909091,215.7615,228.8899,-0.036425132783643226,HDFC Mid-Cap Opportunities Fund - Regular - Growth,HDFC Mutual Fund,Equity
100033,2025-06,229.6619714285714,225.6396,234.0369,0.1352150649161953,HDFC Mid-Cap Opportunities Fund - Regular - Growth,HDFC Mutual Fund,Equity
100033,2025-07,235.9019347826087,226.3653,247.3029,0.3367091958279715,HDFC Mid-Cap Opportunities Fund - Regular - Growth,HDFC Mutual Fund,Equity
100033,2025-08,258.76479047619046,246.8032,272.531,0.3577141373905851,HDFC Mid-Cap Opportunities Fund - Regular - Growth,HDFC Mutual Fund,Equity
100033,2025-09,259.5377,249.818,271.7808,-0.11379446192531098,HDFC Mid-Cap Opportunities Fund - Regular - Growth,HDFC Mutual Fund,Equity
100033,2025-10,264.6949260869565,259.5848,272.1043,0.14916216784718908,HDFC Mid-Cap Opportunities Fund - Regular - Growth,HDFC Mutual Fund,Equity
100033,2025-11,259.14771,252.8949,269.4549,-0.0860542129667308,HDFC Mid-Cap Opportunities Fund - Regular - Growth,HDFC Mutual Fund,Equity
100033,2025-12,273.92541739130434,259.8791,287.7402,0.32751478838373155,HDFC Mid-Cap Opportunities Fund - Regular - Growth,HDFC Mutual Fund,Equity
100033,2026-01,295.33392272727275,282.5751,315.0385,0.4836468821967588,HDFC Mid-Cap Opportunities Fund - Regular - Growth,HDFC Mutual Fund,Equity
100033,2026-02,329.923585,317.9584,347.7205,0.426303089488499,HDFC Mid-Cap Opportunities Fund - Regular - Growth,HDFC Mutual Fund,Equity
100033,2026-03,340.68467727272724,332.0001,345.9163,0.02926722994793188,HDFC Mid-Cap Opportunities Fund - Regular - Growth,HDFC Mutual Fund,Equity
100033,2026-04,359.2601045454545,346.2639,367.6979,0.2005798372615497,HDFC Mid-Cap Opportunities Fund - Regular - Growth,HDFC Mutual Fund,Equity
100033,2026-05,351.2721952380952,341.0618,357.7158,-0.2190501816768471,HDFC Mid-Cap Opportunities Fund - Regular - Growth,HDFC Mutual Fund,Equity
101206,2022-01,310.2721952380952,304.048,316.4175,0.11204086951964562,ABSL Frontline Equity Fund - Regular - Growth,Aditya Birla Sun Life MF,Equity
101206,2022-02,311.16718000000003,306.0803,317.8419,-0.019213270997251987,ABSL Frontline Equity Fund - Regular - Growth,Aditya Birla Sun Life MF,Equity
101206,2022-03,305.8102913043478,300.7579,311.0737,-0.0907302385912822,ABSL Frontline Equity Fund - Regular - Growth,Aditya Birla Sun Life MF,Equity
101206,2022-04,307.3697904761905,300.9607,313.5714,0.056965830806778237,ABSL Frontline Equity Fund - Regular - Growth,Aditya Birla Sun Life MF,Equity
101206,2022-05,306.4016045454545,297.0795,315.7377,-0.027959960516980232,ABSL Frontline Equity Fund - Regular - Growth,Aditya Birla Sun Life MF,Equity
101206,2022-06,315.3871681818182,306.2298,320.2782,0.16761167650224695,ABSL Frontline Equity Fund - Regular - Growth,Aditya Birla Sun Life MF,Equity
101206,2022-07,325.49259047619046,317.5828,333.2879,0.15933779420887076,ABSL Frontline Equity Fund - Regular - Growth,Aditya Birla Sun Life MF,Equity
101206,2022-08,329.82252608695654,320.3413,336.8708,0.10775919358803066,ABSL Frontline Equity Fund - Regular - Growth,Aditya Birla Sun Life MF,Equity
101206,2022-09,320.10428636363633,303.1565,333.1313,-0.4401398944296929,ABSL Frontline Equity Fund - Regular - Growth,Aditya Birla Sun Life MF,Equity
101206,2022-10,310.2841285714286,300.9477,327.3406,0.37023136250200006,ABSL Frontline Equity Fund - Regular - Growth,Aditya Birla Sun Life MF,Equity
101206,2022-11,329.81880454545455,320.168,342.7675,0.16911748191973536,ABSL Frontline Equity Fund - Regular - Growth,Aditya Birla Sun Life MF,Equity
101206,2022-12,341.2585136363636,333.6511,346.4641,0.018164326483899314,ABSL Frontline Equity Fund - Regular - Growth,Aditya Birla Sun Life MF,Equity
101206,2023-01,346.51038636363637,337.9849,357.283,0.19387702482319283,ABSL Frontline Equity Fund - Regular - Growth,Aditya Birla Sun Life MF,Equity
101206,2023-02,353.16641,347.7055,363.5513,0.12104764232890697,ABSL Frontline Equity Fund - Regular - Growth,Aditya Birla Sun Life MF,Equity
101206,2023-03,350.66831304347824,343.4145,359.4879,-0.19923745058031359,ABSL Frontline Equity Fund - Regular - Growth,Aditya Birla Sun Life MF,Equity
101206,2023-04,359.56236,347.6599,370.0026,0.08624633837748752,ABSL Frontline Equity Fund - Regular - Growth,Aditya Birla Sun Life MF,Equity
101206,2023-05,364.01781739130433,353.1202,369.4757,0.08878940923939381,ABSL Frontline Equity Fund - Regular - Growth,Aditya Birla Sun Life MF,Equity
101206,2023-06,338.60280454545455,330.9035,356.2743,-0.35255049550593065,ABSL Frontline Equity Fund - Regular - Growth,Aditya Birla Sun Life MF,Equity
101206,2023-07,336.3952761904762,328.2234,344.3856,0.07835938440177052,ABSL Frontline Equity Fund - Regular - Growth,Aditya Birla Sun Life MF,Equity
101206,2023-08,343.4518347826087,333.6449,350.9229,0.046065390096562256,ABSL Frontline Equity Fund - Regular - Growth,Aditya Birla Sun Life MF,Equity
101206,2023-09,356.94960476190477,341.6198,371.2147,0.39221533893322275,ABSL Frontline Equity Fund - Regular - Growth,Aditya Birla Sun Life MF,Equity
101206,2023-10,379.15757272727274,364.6572,387.9518,-0.05611179711248771,ABSL Frontline Equity Fund - Regular - Growth,Aditya Birla Sun Life MF,Equity
101206,2023-11,377.4879045454545,366.0868,392.2664,0.3350016698880944,ABSL Frontline Equity Fund - Regular - Growth,Aditya Birla Sun Life MF,Equity
101206,2023-12,384.29516666666666,377.5134,390.5717,-0.06215586329331962,ABSL Frontline Equity Fund - Regular - Growth,Aditya Birla Sun Life MF,Equity
101206,2024-01,399.21020869565217,384.0194,414.252,0.06610182151034291,ABSL Frontline Equity Fund - Regular - Growth,Aditya Birla Sun Life MF,Equity
101206,2024-02,405.6997380952381,389.0739,436.3504,0.510352381850139,ABSL Frontline Equity Fund - Regular - Growth,Aditya Birla Sun Life MF,Equity
101206,2024-03,420.59629047619046,401.2923,435.136,-0.25443239359812253,ABSL Frontline Equity Fund - Regular - Growth,Aditya Birla Sun Life MF,Equity
101206,2024-04,410.4739681818182,404.467,417.1054,0.039612439013037015,ABSL Frontline Equity Fund - Regular - Growth,Aditya Birla Sun Life MF,Equity
101206,2024-05,436.7962347826087,418.9725,452.9068,0.32426773387731045,ABSL Frontline Equity Fund - Regular - Growth,Aditya Birla Sun Life MF,Equity
101206,2024-06,446.14039,441.3974,450.9215,-0.03603775070905144,ABSL Frontline Equity Fund - Regular - Growth,Aditya Birla Sun Life MF,Equity
101206,2024-07,433.2893130434783,414.7417,448.8973,-0.3009045979089889,ABSL Frontline Equity Fund - Regular - Growth,Aditya Birla Sun Life MF,Equity
101206,2024-08,421.5311,410.0163,437.3235,0.24568802823566982,ABSL Frontline Equity Fund - Regular - Growth,Aditya Birla Sun Life MF,Equity
101206,2024-09,434.51446666666664,425.5805,443.2268,-0.08779963701787977,ABSL Frontline Equity Fund - Regular - Growth,Aditya Birla Sun Life MF,Equity
101206,2024-10,427.29088260869565,419.7055,435.1249,0.037144040733715966,ABSL Frontline Equity Fund - Regular - Growth,Aditya Birla Sun Life MF,Equity
101206,2024-11,449.93583333333333,437.1815,463.5208,0.33655296869008,ABSL Frontline Equity Fund - Regular - Growth,Aditya Birla Sun Life MF,Equity
101206,2024-12,457.2508227272727,441.5858,471.9516,0.08672938133261349,ABSL Frontline Equity Fund - Regular - Growth,Aditya Birla Sun Life MF,Equity
101206,2025-01,461.99632608695646,447.9624,481.0632,-0.22251010144676156,ABSL Frontline Equity Fund - Regular - Growth,Aditya Birla Sun Life MF,Equity
101206,2025-02,457.02094,444.9289,479.1491,0.3428062081348743,ABSL Frontline Equity Fund - Regular - Growth,Aditya Birla Sun Life MF,Equity
101206,2025-03,486.0116904761905,473.48,494.0049,-0.01325346750536178,ABSL Frontline Equity Fund - Regular - Growth,Aditya Birla Sun Life MF,Equity
101206,2025-04,492.1028590909091,477.6779,514.8113,0.3116211423538053,ABSL Frontline Equity Fund - Regular - Growth,Aditya Birla Sun Life MF,Equity
101206,2025-05,520.1786909090908,504.9426,535.5776,0.09495845883482673,ABSL Frontline Equity Fund - Regular - Growth,Aditya Birla Sun Life MF,Equity
101206,2025-06,528.1640428571429,518.6915,540.8526,0.007638470372152098,ABSL Frontline Equity Fund - Regular - Growth,Aditya Birla Sun Life MF,Equity
101206,2025-07,535.2537347826087,515.6701,548.3696,0.2204422014427387,ABSL Frontline Equity Fund - Regular - Growth,Aditya Birla Sun Life MF,Equity
101206,2025-08,566.6787190476191,552.8149,583.2802,0.29838275355103444,ABSL Frontline Equity Fund - Regular - Growth,Aditya Birla Sun Life MF,Equity
101206,2025-09,570.0305136363636,559.4124,580.8622,-0.1582108241171463,ABSL Frontline Equity Fund - Regular - Growth,Aditya Birla Sun Life MF,Equity
101206,2025-10,574.2503260869565,561.5224,585.1078,0.12765273577122735,ABSL Frontline Equity Fund - Regular - Growth,Aditya Birla Sun Life MF,Equity
101206,2025-11,574.24299,560.9194,587.112,-0.028747078626893956,ABSL Frontline Equity Fund - Regular - Growth,Aditya Birla Sun Life MF,Equity
101206,2025-12,562.4219695652174,549.3452,578.2853,-0.14590728413235549,ABSL Frontline Equity Fund - Regular - Growth,Aditya Birla Sun Life MF,Equity
101206,2026-01,595.0794454545455,561.922,615.0813,0.42927104051480797,ABSL Frontline Equity Fund - Regular - Growth,Aditya Birla Sun Life MF,Equity
101206,2026-02,660.89406,613.1829,706.4005,0.7013269559523527,ABSL Frontline Equity Fund - Regular - Growth,Aditya Birla Sun Life MF,Equity
101206,2026-03,733.8709636363636,715.3677,753.2313,0.23059865678133287,ABSL Frontline Equity Fund - Regular - Growth,Aditya Birla Sun Life MF,Equity
101206,2026-04,773.5202636363637,738.8707,808.0982,0.3929431803414066,ABSL Frontline Equity Fund - Regular - Growth,Aditya Birla Sun Life MF,Equity
101206,2026-05,779.0825047619047,762.9328,803.0014,-0.17530389593401924,ABSL Frontline Equity Fund - Regular - Growth,Aditya Birla Sun Life MF,Equity
101207,2022-01,38.70610952380952,37.0665,39.8405,0.09372030070898318,ABSL Small Cap Fund - Regular - Growth,Aditya Birla Sun Life MF,Equity
101207,2022-02,39.650745,38.8452,40.7472,-0.03281442526453848,ABSL Small Cap Fund - Regular - Growth,Aditya Birla Sun Life MF,Equity
101207,2022-03,40.227821739130434,39.1497,41.9613,0.19934400647729728,ABSL Small Cap Fund - Regular - Growth,Aditya Birla Sun Life MF,Equity
101207,2022-04,42.814190476190475,41.1994,44.2241,0.3435631098613652,ABSL Small Cap Fund - Regular - Growth,Aditya Birla Sun Life MF,Equity
101207,2022-05,40.51221363636363,37.3614,43.7647,-0.6830445557010824,ABSL Small Cap Fund - Regular - Growth,Aditya Birla Sun Life MF,Equity
101207,2022-06,39.10115454545455,36.9015,40.7757,0.4098017470816421,ABSL Small Cap Fund - Regular - Growth,Aditya Birla Sun Life MF,Equity
101207,2022-07,43.84773333333334,41.0927,46.3318,0.617222988563155,ABSL Small Cap Fund - Regular - Growth,Aditya Birla Sun Life MF,Equity
101207,2022-08,48.1949652173913,44.516,52.3375,0.4458028354852583,ABSL Small Cap Fund - Regular - Growth,Aditya Birla Sun Life MF,Equity
101207,2022-09,51.787859090909095,50.079,53.5836,0.02883434562671695,ABSL Small Cap Fund - Regular - Growth,Aditya Birla Sun Life MF,Equity
101207,2022-10,56.409,52.2054,58.4192,0.46336516984187526,ABSL Small Cap Fund - Regular - Growth,Aditya Birla Sun Life MF,Equity
101207,2022-11,51.29588181818181,46.9769,57.3928,-0.761575466804462,ABSL Small Cap Fund - Regular - Growth,Aditya Birla Sun Life MF,Equity
101207,2022-12,50.66454545454545,48.2133,53.1446,0.4510982229814527,ABSL Small Cap Fund - Regular - Growth,Aditya Birla Sun Life MF,Equity
101207,2023-01,52.14458181818182,48.783,55.1962,-0.2241502935860108,ABSL Small Cap Fund - Regular - Growth,Aditya Birla Sun Life MF,Equity
101207,2023-02,53.020979999999994,49.8038,56.5025,0.5771655311283547,ABSL Small Cap Fund - Regular - Growth,Aditya Birla Sun Life MF,Equity
101207,2023-03,56.671195652173914,51.5039,60.5809,-0.2879267253186011,ABSL Small Cap Fund - Regular - Growth,Aditya Birla Sun Life MF,Equity
101207,2023-04,54.209770000000006,51.8824,56.7377,0.4791491889988076,ABSL Small Cap Fund - Regular - Growth,Aditya Birla Sun Life MF,Equity
101207,2023-05,59.44820869565218,55.6043,62.9115,0.3677573632479254,ABSL Small Cap Fund - Regular - Growth,Aditya Birla Sun Life MF,Equity
101207,2023-06,59.8829,56.1454,62.5419,-0.056588672861384165,ABSL Small Cap Fund - Regular - Growth,Aditya Birla Sun Life MF,Equity
101207,2023-07,60.91397142857142,58.5971,63.5567,0.1551519228195445,ABSL Small Cap Fund - Regular - Growth,Aditya Birla Sun Life MF,Equity
101207,2023-08,60.838556521739136,57.6614,63.8474,-0.29962379686505275,ABSL Small Cap Fund - Regular - Growth,Aditya Birla Sun Life MF,Equity
101207,2023-09,57.00588571428571,53.5175,59.7168,-0.21663277408159004,ABSL Small Cap Fund - Regular - Growth,Aditya Birla Sun Life MF,Equity
101207,2023-10,57.567581818181814,54.3756,60.5563,0.06318953367367328,ABSL Small Cap Fund - Regular - Growth,Aditya Birla Sun Life MF,Equity
101207,2023-11,56.63615909090909,52.4876,60.5645,0.2581894421190349,ABSL Small Cap Fund - Regular - Growth,Aditya Birla Sun Life MF,Equity
101207,2023-12,59.73194761904762,58.094,60.9895,-0.06329740780274899,ABSL Small Cap Fund - Regular - Growth,Aditya Birla Sun Life MF,Equity
101207,2024-01,58.84124347826087,56.881,61.6797,0.10619868533807648,ABSL Small Cap Fund - Regular - Growth,Aditya Birla Sun Life MF,Equity
101207,2024-02,58.02602380952381,55.0764,61.1658,-0.15321836976232173,ABSL Small Cap Fund - Regular - Growth,Aditya Birla Sun Life MF,Equity
101207,2024-03,61.389228571428575,58.491,63.6493,0.4921220252948986,ABSL Small Cap Fund - Regular - Growth,Aditya Birla Sun Life MF,Equity
101207,2024-04,60.15088181818182,57.2903,64.1067,-0.07890693726389864,ABSL Small Cap Fund - Regular - Growth,Aditya Birla Sun Life MF,Equity
101207,2024-05,67.07589130434782,62.9513,71.1442,0.3589599770619461,ABSL Small Cap Fund - Regular - Growth,Aditya Birla Sun Life MF,Equity
101207,2024-06,65.734875,63.5841,68.3677,-0.17992036239657172,ABSL Small Cap Fund - Regular - Growth,Aditya Birla Sun Life MF,Equity
101207,2024-07,62.871678260869565,59.4501,67.0657,-0.292912139193499,ABSL Small Cap Fund - Regular - Growth,Aditya Birla Sun Life MF,Equity
101207,2024-08,60.51726363636363,57.5204,65.4271,0.3540896676727634,ABSL Small Cap Fund - Regular - Growth,Aditya Birla Sun Life MF,Equity
101207,2024-09,64.66752857142858,63.0028,66.988,0.1465790865341038,ABSL Small Cap Fund - Regular - Growth,Aditya Birla Sun Life MF,Equity
101207,2024-10,71.33826086956522,66.4999,75.2092,0.5270063638396868,ABSL Small Cap Fund - Regular - Growth,Aditya Birla Sun Life MF,Equity
101207,2024-11,77.2600761904762,74.36,80.3517,0.21505345609929213,ABSL Small Cap Fund - Regular - Growth,Aditya Birla Sun Life MF,Equity
101207,2024-12,71.9597,68.8738,77.6921,-0.35608548926761624,ABSL Small Cap Fund - Regular - Growth,Aditya Birla Sun Life MF,Equity
101207,2025-01,72.03933913043478,69.1474,75.727,0.21754242338417026,ABSL Small Cap Fund - Regular - Growth,Aditya Birla Sun Life MF,Equity
101207,2025-02,77.122005,74.5469,79.6858,0.16934022189157238,ABSL Small Cap Fund - Regular - Growth,Aditya Birla Sun Life MF,Equity
101207,2025-03,74.2932,70.9963,77.9879,-0.3200096386051549,ABSL Small Cap Fund - Regular - Growth,Aditya Birla Sun Life MF,Equity
101207,2025-04,71.37966818181818,69.0945,73.3991,-0.0870938457258083,ABSL Small Cap Fund - Regular - Growth,Aditya Birla Sun Life MF,Equity
101207,2025-05,73.50045454545455,70.826,76.3919,-0.02126338130606769,ABSL Small Cap Fund - Regular - Growth,Aditya Birla Sun Life MF,Equity
101207,2025-06,70.96471904761904,68.6713,72.2323,-0.12553737407421278,ABSL Small Cap Fund - Regular - Growth,Aditya Birla Sun Life MF,Equity
101207,2025-07,65.22544347826087,61.4508,67.3627,-0.43686260326785087,ABSL Small Cap Fund - Regular - Growth,Aditya Birla Sun Life MF,Equity
101207,2025-08,64.3066380952381,60.2619,67.6645,0.3417047792466168,ABSL Small Cap Fund - Regular - Growth,Aditya Birla Sun Life MF,Equity
101207,2025-09,62.00628636363637,59.2528,65.6869,-0.3702677497061087,ABSL Small Cap Fund - Regular - Growth,Aditya Birla Sun Life MF,Equity
101207,2025-10,60.45209130434783,57.3864,62.3903,0.041756197562202405,ABSL Small Cap Fund - Regular - Growth,Aditya Birla Sun Life MF,Equity
101207,2025-11,64.79393999999999,62.2751,68.7458,0.4883418199196294,ABSL Small Cap Fund - Regular - Growth,Aditya Birla Sun Life MF,Equity
101207,2025-12,65.5048347826087,62.1423,68.3822,-0.16319482871981436,ABSL Small Cap Fund - Regular - Growth,Aditya Birla Sun Life MF,Equity
101207,2026-01,63.923463636363635,60.6918,66.7762,-0.15963269270205227,ABSL Small Cap Fund - Regular - Growth,Aditya Birla Sun Life MF,Equity
101207,2026-02,58.861535,56.0872,60.8642,-0.3070979732804336,ABSL Small Cap Fund - Regular - Growth,Aditya Birla Sun Life MF,Equity
101207,2026-03,59.42766363636363,56.4598,63.6771,0.22699583490647984,ABSL Small Cap Fund - Regular - Growth,Aditya Birla Sun Life MF,Equity
101207,2026-04,55.59020909090909,52.4339,61.6463,-0.6567707731952774,ABSL Small Cap Fund - Regular - Growth,Aditya Birla Sun Life MF,Equity
101207,2026-05,53.21579047619048,51.8695,54.7847,0.08362033405456516,ABSL Small Cap Fund - Regular - Growth,Aditya Birla Sun Life MF,Equity
101208,2022-01,311.6351285714286,310.6977,312.8614,0.03400644549349792,ABSL Liquid Fund - Regular - Growth,Aditya Birla Sun Life MF,Debt
101208,2022-02,313.667965,312.866,314.5739,0.02677817489471209,ABSL Liquid Fund - Regular - Growth,Aditya Birla Sun Life MF,Debt
101208,2022-03,315.9831217391304,314.8476,316.7647,0.02718635335905485,ABSL Liquid Fund - Regular - Growth,Aditya Birla Sun Life MF,Debt
101208,2022-04,317.66438571428574,316.4123,318.4954,0.029328329090315172,ABSL Liquid Fund - Regular - Growth,Aditya Birla Sun Life MF,Debt
101208,2022-05,319.2226181818182,318.492,319.789,0.018753577668072067,ABSL Liquid Fund - Regular - Growth,Aditya Birla Sun Life MF,Debt
101208,2022-06,320.09402727272726,319.7738,320.8118,0.014590361808610008,ABSL Liquid Fund - Regular - Growth,Aditya Birla Sun Life MF,Debt
101208,2022-07,321.8807,320.9753,323.1573,0.034702267227327756,ABSL Liquid Fund - Regular - Growth,Aditya Birla Sun Life MF,Debt
101208,2022-08,324.0538695652174,323.4325,324.8681,0.022760934726473895,ABSL Liquid Fund - Regular - Growth,Aditya Birla Sun Life MF,Debt
101208,2022-09,325.7171818181818,324.8481,326.8925,0.028460016208418783,ABSL Liquid Fund - Regular - Growth,Aditya Birla Sun Life MF,Debt
101208,2022-10,327.66511904761904,326.9491,328.4686,0.022635289587333945,ABSL Liquid Fund - Regular - Growth,Aditya Birla Sun Life MF,Debt
101208,2022-11,329.44772727272726,328.4843,330.2982,0.02552144104086951,ABSL Liquid Fund - Regular - Growth,Aditya Birla Sun Life MF,Debt
101208,2022-12,331.7895090909091,330.3978,333.0072,0.03713943971799851,ABSL Liquid Fund - Regular - Growth,Aditya Birla Sun Life MF,Debt
101208,2023-01,334.06682727272727,333.2238,334.9052,0.025840797689481818,ABSL Liquid Fund - Regular - Growth,Aditya Birla Sun Life MF,Debt
101208,2023-02,335.92247000000003,334.9776,336.5765,0.024898500677833467,ABSL Liquid Fund - Regular - Growth,Aditya Birla Sun Life MF,Debt
101208,2023-03,337.36175652173915,336.735,338.0903,0.014665012368212889,ABSL Liquid Fund - Regular - Growth,Aditya Birla Sun Life MF,Debt
101208,2023-04,338.663735,337.769,339.4387,0.025489496906749794,ABSL Liquid Fund - Regular - Growth,Aditya Birla Sun Life MF,Debt
101208,2023-05,340.4613695652174,339.6299,341.4438,0.02561313880321111,ABSL Liquid Fund - Regular - Growth,Aditya Birla Sun Life MF,Debt
101208,2023-06,342.36005,341.3787,343.2046,0.022393667700753118,ABSL Liquid Fund - Regular - Growth,Aditya Birla Sun Life MF,Debt
101208,2023-07,344.24807142857145,343.2747,345.2219,0.028698276522945806,ABSL Liquid Fund - Regular - Growth,Aditya Birla Sun Life MF,Debt
101208,2023-08,346.13048695652174,345.3812,346.7786,0.01980688800531128,ABSL Liquid Fund - Regular - Growth,Aditya Birla Sun Life MF,Debt
101208,2023-09,346.9011904761905,346.4328,347.6175,0.011513205954492109,ABSL Liquid Fund - Regular - Growth,Aditya Birla Sun Life MF,Debt
101208,2023-10,348.61855909090906,347.6371,349.3667,0.022821497814554347,ABSL Liquid Fund - Regular - Growth,Aditya Birla Sun Life MF,Debt
101208,2023-11,350.6612818181818,349.374,351.7741,0.030454968738610477,ABSL Liquid Fund - Regular - Growth,Aditya Birla Sun Life MF,Debt
101208,2023-12,352.7799,351.7315,353.6277,0.025838952700401322,ABSL Liquid Fund - Regular - Growth,Aditya Birla Sun Life MF,Debt
101208,2024-01,354.8255608695652,353.8719,355.5361,0.022736372641389696,ABSL Liquid Fund - Regular - Growth,Aditya Birla Sun Life MF,Debt
101208,2024-02,356.17399523809524,355.2448,357.4863,0.026791313011791155,ABSL Liquid Fund - Regular - Growth,Aditya Birla Sun Life MF,Debt
101208,2024-03,358.5552523809524,357.5643,359.4028,0.02441874269832886,ABSL Liquid Fund - Regular - Growth,Aditya Birla Sun Life MF,Debt
101208,2024-04,360.21993636363635,359.3982,361.0639,0.021342173540726178,ABSL Liquid Fund - Regular - Growth,Aditya Birla Sun Life MF,Debt
101208,2024-05,361.62161304347825,361.0122,362.442,0.01716964078676903,ABSL Liquid Fund - Regular - Growth,Aditya Birla Sun Life MF,Debt
101208,2024-06,363.67548,362.6061,364.6878,0.03089536313333417,ABSL Liquid Fund - Regular - Growth,Aditya Birla Sun Life MF,Debt
101208,2024-07,365.3984869565217,364.5701,366.2412,0.01645682548792531,ABSL Liquid Fund - Regular - Growth,Aditya Birla Sun Life MF,Debt
101208,2024-08,366.6059272727273,365.9128,367.3742,0.016169159743303633,ABSL Liquid Fund - Regular - Growth,Aditya Birla Sun Life MF,Debt
101208,2024-09,368.1806761904762,367.1166,368.9379,0.020233919990111243,ABSL Liquid Fund - Regular - Growth,Aditya Birla Sun Life MF,Debt
101208,2024-10,370.11460434782606,368.9107,371.0047,0.02383486173751549,ABSL Liquid Fund - Regular - Growth,Aditya Birla Sun Life MF,Debt
101208,2024-11,372.0612714285714,371.0081,372.9538,0.025464093595652798,ABSL Liquid Fund - Regular - Growth,Aditya Birla Sun Life MF,Debt
101208,2024-12,373.8201409090909,372.7631,375.2243,0.027598678093551376,ABSL Liquid Fund - Regular - Growth,Aditya Birla Sun Life MF,Debt
101208,2025-01,375.51452608695655,375.0846,376.2258,0.01159374453820314,ABSL Liquid Fund - Regular - Growth,Aditya Birla Sun Life MF,Debt
101208,2025-02,377.21065,376.3076,377.9327,0.02264169189537976,ABSL Liquid Fund - Regular - Growth,Aditya Birla Sun Life MF,Debt
101208,2025-03,378.8083285714286,378.2379,379.1226,0.014974134854912785,ABSL Liquid Fund - Regular - Growth,Aditya Birla Sun Life MF,Debt
101208,2025-04,379.8595272727273,379.1758,380.5722,0.01735156730363566,ABSL Liquid Fund - Regular - Growth,Aditya Birla Sun Life MF,Debt
101208,2025-05,381.6843363636363,380.811,382.4272,0.02188369691012889,ABSL Liquid Fund - Regular - Growth,Aditya Birla Sun Life MF,Debt
101208,2025-06,383.77566666666667,382.5089,384.6413,0.02726361864425761,ABSL Liquid Fund - Regular - Growth,Aditya Birla Sun Life MF,Debt
101208,2025-07,385.5776173913044,384.6227,387.0338,0.027395120968749097,ABSL Liquid Fund - Regular - Growth,Aditya Birla Sun Life MF,Debt
101208,2025-08,387.6024619047619,386.9706,388.4068,0.016708459974812913,ABSL Liquid Fund - Regular - Growth,Aditya Birla Sun Life MF,Debt
101208,2025-09,389.69235000000003,388.4381,391.1301,0.03192184291226056,ABSL Liquid Fund - Regular - Growth,Aditya Birla Sun Life MF,Debt
101208,2025-10,392.0124086956522,391.0236,393.3788,0.02493346215693726,ABSL Liquid Fund - Regular - Growth,Aditya Birla Sun Life MF,Debt
101208,2025-11,394.77806,393.5955,396.1134,0.03464924845061331,ABSL Liquid Fund - Regular - Growth,Aditya Birla Sun Life MF,Debt
101208,2025-12,397.5276565217391,396.0398,398.913,0.030630897565838148,ABSL Liquid Fund - Regular - Growth,Aditya Birla Sun Life MF,Debt
101208,2026-01,399.8783818181818,399.0808,400.8662,0.022208043280838318,ABSL Liquid Fund - Regular - Growth,Aditya Birla Sun Life MF,Debt
101208,2026-02,402.144925,401.1509,403.3493,0.03088693789856265,ABSL Liquid Fund - Regular - Growth,Aditya Birla Sun Life MF,Debt
101208,2026-03,404.4809136363636,403.5664,405.1635,0.020066315154557878,ABSL Liquid Fund - Regular - Growth,Aditya Birla Sun Life MF,Debt
101208,2026-04,406.47905,405.2183,407.8944,0.030881104559556706,ABSL Liquid Fund - Regular - Growth,Aditya Birla Sun Life MF,Debt
101208,2026-05,408.9021761904762,407.7276,410.1021,0.025713801641281616,ABSL Liquid Fund - Regular - Growth,Aditya Birla Sun Life MF,Debt
102885,2022-01,91.15322380952381,89.8728,92.3366,0.10805747580742323,UTI Nifty 50 Index Fund - Regular - Growth,UTI Mutual Fund,Equity
102885,2022-02,92.204255,89.8654,93.7848,-0.07803812446359137,UTI Nifty 50 Index Fund - Regular - Growth,UTI Mutual Fund,Equity
102885,2022-03,85.73374782608695,83.5999,89.0402,-0.2905342539494907,UTI Nifty 50 Index Fund - Regular - Growth,UTI Mutual Fund,Equity
102885,2022-04,88.53055714285715,85.6037,90.6679,0.34683855120739043,UTI Nifty 50 Index Fund - Regular - Growth,UTI Mutual Fund,Equity
102885,2022-05,92.88281363636364,91.0662,94.7133,0.20053854940270374,UTI Nifty 50 Index Fund - Regular - Growth,UTI Mutual Fund,Equity
102885,2022-06,92.57784090909091,91.0935,94.2402,-0.17574666521106336,UTI Nifty 50 Index Fund - Regular - Growth,UTI Mutual Fund,Equity
102885,2022-07,91.48590952380953,90.2109,93.6061,0.014345270721691904,UTI Nifty 50 Index Fund - Regular - Growth,UTI Mutual Fund,Equity
102885,2022-08,93.7786260869565,91.3214,96.594,0.14398563347856777,UTI Nifty 50 Index Fund - Regular - Growth,UTI Mutual Fund,Equity
102885,2022-09,94.81039545454546,92.4675,97.2138,-0.048081730292978415,UTI Nifty 50 Index Fund - Regular - Growth,UTI Mutual Fund,Equity
102885,2022-10,95.03725714285714,90.7575,98.6818,0.27144078692307017,UTI Nifty 50 Index Fund - Regular - Growth,UTI Mutual Fund,Equity
102885,2022-11,103.8630590909091,99.2265,106.6238,0.2687818540198768,UTI Nifty 50 Index Fund - Regular - Growth,UTI Mutual Fund,Equity
102885,2022-12,102.03667727272727,100.0097,104.2766,-0.14402621482806055,UTI Nifty 50 Index Fund - Regular - Growth,UTI Mutual Fund,Equity
102885,2023-01,101.58434090909091,99.742,103.0963,0.03607177082030064,UTI Nifty 50 Index Fund - Regular - Growth,UTI Mutual Fund,Equity
102885,2023-02,102.165855,100.276,103.3935,0.020108190127988115,UTI Nifty 50 Index Fund - Regular - Growth,UTI Mutual Fund,Equity
102885,2023-03,104.03705652173913,99.9202,107.354,0.047854451069407264,UTI Nifty 50 Index Fund - Regular - Growth,UTI Mutual Fund,Equity
102885,2023-04,105.36557,101.538,107.4746,0.09678467938106174,UTI Nifty 50 Index Fund - Regular - Growth,UTI Mutual Fund,Equity
102885,2023-05,106.8694695652174,104.0542,109.6394,0.17448819394567758,UTI Nifty 50 Index Fund - Regular - Growth,UTI Mutual Fund,Equity
102885,2023-06,112.0950090909091,109.8112,114.2959,0.16781325913155054,UTI Nifty 50 Index Fund - Regular - Growth,UTI Mutual Fund,Equity
102885,2023-07,113.52472380952382,111.0733,116.3961,-0.08354658632901124,UTI Nifty 50 Index Fund - Regular - Growth,UTI Mutual Fund,Equity
102885,2023-08,113.79034782608696,111.7892,115.3129,0.11258066048997169,UTI Nifty 50 Index Fund - Regular - Growth,UTI Mutual Fund,Equity
102885,2023-09,117.94048571428571,114.6301,120.9785,0.1824849184520168,UTI Nifty 50 Index Fund - Regular - Growth,UTI Mutual Fund,Equity
102885,2023-10,120.89028181818183,118.4813,124.1832,0.16197304844773178,UTI Nifty 50 Index Fund - Regular - Growth,UTI Mutual Fund,Equity
102885,2023-11,124.48795909090909,121.4976,129.6853,0.24505921299731925,UTI Nifty 50 Index Fund - Regular - Growth,UTI Mutual Fund,Equity
102885,2023-12,129.06674285714286,126.4844,131.2304,0.004048637829138058,UTI Nifty 50 Index Fund - Regular - Growth,UTI Mutual Fund,Equity
102885,2024-01,130.15991304347827,127.4185,133.1328,-0.06532140700684641,UTI Nifty 50 Index Fund - Regular - Growth,UTI Mutual Fund,Equity
102885,2024-02,130.4431380952381,127.5545,133.5765,0.1328970557877047,UTI Nifty 50 Index Fund - Regular - Growth,UTI Mutual Fund,Equity
102885,2024-03,130.55925714285715,128.6911,132.7292,-0.0830737420016751,UTI Nifty 50 Index Fund - Regular - Growth,UTI Mutual Fund,Equity
102885,2024-04,127.95582727272728,126.103,129.9904,-0.020896397731878288,UTI Nifty 50 Index Fund - Regular - Growth,UTI Mutual Fund,Equity
102885,2024-05,128.92027391304347,125.0106,132.9964,-0.056482514636817915,UTI Nifty 50 Index Fund - Regular - Growth,UTI Mutual Fund,Equity
102885,2024-06,127.479675,124.6518,130.3348,0.09480872812797692,UTI Nifty 50 Index Fund - Regular - Growth,UTI Mutual Fund,Equity
102885,2024-07,124.67088260869565,122.3333,129.1815,-0.2005922494371409,UTI Nifty 50 Index Fund - Regular - Growth,UTI Mutual Fund,Equity
102885,2024-08,125.38151363636365,120.7985,128.0375,0.163861975249082,UTI Nifty 50 Index Fund - Regular - Growth,UTI Mutual Fund,Equity
102885,2024-09,127.03892857142857,125.1925,129.0124,-0.04954573812011481,UTI Nifty 50 Index Fund - Regular - Growth,UTI Mutual Fund,Equity
102885,2024-10,132.31407391304347,128.0575,135.532,0.14841294765302918,UTI Nifty 50 Index Fund - Regular - Growth,UTI Mutual Fund,Equity
102885,2024-11,129.51951904761904,127.4958,132.6091,-0.0625492073581244,UTI Nifty 50 Index Fund - Regular - Growth,UTI Mutual Fund,Equity
102885,2024-12,130.43111818181816,125.894,137.693,0.3276895608177172,UTI Nifty 50 Index Fund - Regular - Growth,UTI Mutual Fund,Equity
102885,2025-01,141.21388260869566,138.7325,143.6782,0.13902541502296853,UTI Nifty 50 Index Fund - Regular - Growth,UTI Mutual Fund,Equity
102885,2025-02,141.59225999999998,138.6319,144.7596,0.04019179599244529,UTI Nifty 50 Index Fund - Regular - Growth,UTI Mutual Fund,Equity
102885,2025-03,146.3636666666667,140.5004,151.0123,0.19424469065084768,UTI Nifty 50 Index Fund - Regular - Growth,UTI Mutual Fund,Equity
102885,2025-04,153.97399545454547,148.2636,159.4254,0.1731310149601852,UTI Nifty 50 Index Fund - Regular - Growth,UTI Mutual Fund,Equity
102885,2025-05,155.55185,152.5555,159.6603,0.037401092860749933,UTI Nifty 50 Index Fund - Regular - Growth,UTI Mutual Fund,Equity
102885,2025-06,159.02182857142856,153.6536,162.7961,0.1537418691604387,UTI Nifty 50 Index Fund - Regular - Growth,UTI Mutual Fund,Equity
102885,2025-07,159.247,154.8243,162.4481,-0.06268295894539304,UTI Nifty 50 Index Fund - Regular - Growth,UTI Mutual Fund,Equity
102885,2025-08,158.09428095238096,156.3665,160.0956,0.012311298229786669,UTI Nifty 50 Index Fund - Regular - Growth,UTI Mutual Fund,Equity
102885,2025-09,164.7568681818182,160.461,168.1443,0.21772055827571257,UTI Nifty 50 Index Fund - Regular - Growth,UTI Mutual Fund,Equity
102885,2025-10,163.5282956521739,159.3111,167.9769,0.04412066257918394,UTI Nifty 50 Index Fund - Regular - Growth,UTI Mutual Fund,Equity
102885,2025-11,169.532305,167.8376,171.3797,0.017032097104965328,UTI Nifty 50 Index Fund - Regular - Growth,UTI Mutual Fund,Equity
102885,2025-12,173.55816521739132,167.7969,177.548,0.15378968942016089,UTI Nifty 50 Index Fund - Regular - Growth,UTI Mutual Fund,Equity
102885,2026-01,177.57311363636364,172.2905,181.7829,0.07535225179015564,UTI Nifty 50 Index Fund - Regular - Growth,UTI Mutual Fund,Equity
102885,2026-02,181.21746000000002,178.7178,183.7884,0.08590239822399981,UTI Nifty 50 Index Fund - Regular - Growth,UTI Mutual Fund,Equity
102885,2026-03,180.57219090909092,177.9558,183.4956,0.015231628621047514,UTI Nifty 50 Index Fund - Regular - Growth,UTI Mutual Fund,Equity
102885,2026-04,179.8859,174.4421,186.6155,0.14952324628159347,UTI Nifty 50 Index Fund - Regular - Growth,UTI Mutual Fund,Equity
102885,2026-05,184.50571428571428,180.4376,187.9295,0.03275844655315682,UTI Nifty 50 Index Fund - Regular - Growth,UTI Mutual Fund,Equity
102886,2022-01,122.65753333333333,119.2905,126.0772,0.2824504461526756,UTI Mid Cap Fund - Regular - Growth,UTI Mutual Fund,Equity
102886,2022-02,128.64195999999998,123.2107,132.3175,0.1604067898521833,UTI Mid Cap Fund - Regular - Growth,UTI Mutual Fund,Equity
102886,2022-03,132.32118260869566,130.309,134.5117,0.044223064142723235,UTI Mid Cap Fund - Regular - Growth,UTI Mutual Fund,Equity
102886,2022-04,128.44624285714286,124.982,131.2724,-0.09540051970785293,UTI Mid Cap Fund - Regular - Growth,UTI Mutual Fund,Equity
102886,2022-05,127.43864545454545,123.8484,131.7681,0.033663482934960125,UTI Mid Cap Fund - Regular - Growth,UTI Mutual Fund,Equity
102886,2022-06,130.1105,126.8938,133.4879,0.14414675727172316,UTI Mid Cap Fund - Regular - Growth,UTI Mutual Fund,Equity
102886,2022-07,130.3709761904762,122.6867,136.438,-0.2575516905316475,UTI Mid Cap Fund - Regular - Growth,UTI Mutual Fund,Equity
102886,2022-08,122.8558043478261,115.3935,128.3453,-0.09033240746827721,UTI Mid Cap Fund - Regular - Growth,UTI Mutual Fund,Equity
102886,2022-09,122.23837272727273,120.5217,124.6653,0.017903298542341285,UTI Mid Cap Fund - Regular - Growth,UTI Mutual Fund,Equity
102886,2022-10,123.26077619047621,121.7502,125.6281,0.02612579132799054,UTI Mid Cap Fund - Regular - Growth,UTI Mutual Fund,Equity
102886,2022-11,122.40450454545454,115.7202,126.626,-0.20256004327753976,UTI Mid Cap Fund - Regular - Growth,UTI Mutual Fund,Equity
102886,2022-12,117.39301363636363,114.1285,120.0657,0.06322862304384685,UTI Mid Cap Fund - Regular - Growth,UTI Mutual Fund,Equity
102886,2023-01,119.95093636363636,117.198,124.1958,0.17535610920663744,UTI Mid Cap Fund - Regular - Growth,UTI Mutual Fund,Equity
102886,2023-02,127.79160999999999,124.0495,134.0482,0.12448615057306707,UTI Mid Cap Fund - Regular - Growth,UTI Mutual Fund,Equity
102886,2023-03,125.1089695652174,121.8539,128.7639,0.06523969467266483,UTI Mid Cap Fund - Regular - Growth,UTI Mutual Fund,Equity
102886,2023-04,127.48813500000001,124.1283,131.6112,-0.1513207077521861,UTI Mid Cap Fund - Regular - Growth,UTI Mutual Fund,Equity
102886,2023-05,124.60603478260869,121.8388,130.6986,0.2059550740538053,UTI Mid Cap Fund - Regular - Growth,UTI Mutual Fund,Equity
102886,2023-06,128.2899227272727,124.26,131.5893,-0.14709498520201858,UTI Mid Cap Fund - Regular - Growth,UTI Mutual Fund,Equity
102886,2023-07,129.01613333333333,124.9491,133.3836,0.23640135166703344,UTI Mid Cap Fund - Regular - Growth,UTI Mutual Fund,Equity
102886,2023-08,132.42840869565217,127.9674,134.8349,-0.09173154807159076,UTI Mid Cap Fund - Regular - Growth,UTI Mutual Fund,Equity
102886,2023-09,131.20820952380953,129.1904,134.523,0.027607752006423153,UTI Mid Cap Fund - Regular - Growth,UTI Mutual Fund,Equity
102886,2023-10,126.3864,121.2998,131.6766,-0.24398057620146807,UTI Mid Cap Fund - Regular - Growth,UTI Mutual Fund,Equity
102886,2023-11,121.27224545454546,118.8896,124.901,-0.021389223075907696,UTI Mid Cap Fund - Regular - Growth,UTI Mutual Fund,Equity
102886,2023-12,127.3024238095238,122.7973,130.3749,0.15395513852706846,UTI Mid Cap Fund - Regular - Growth,UTI Mutual Fund,Equity
102886,2024-01,131.08924347826087,124.8305,137.82,0.3089930146182669,UTI Mid Cap Fund - Regular - Growth,UTI Mutual Fund,Equity
102886,2024-02,134.14541904761904,130.0332,140.2149,0.16234247544869523,UTI Mid Cap Fund - Regular - Growth,UTI Mutual Fund,Equity
102886,2024-03,145.69707142857143,139.5847,152.4276,0.24941273959347812,UTI Mid Cap Fund - Regular - Growth,UTI Mutual Fund,Equity
102886,2024-04,144.79057727272726,141.1176,148.8317,-0.08163587343811285,UTI Mid Cap Fund - Regular - Growth,UTI Mutual Fund,Equity
102886,2024-05,141.26340869565217,138.0938,143.7186,-0.1408538969534494,UTI Mid Cap Fund - Regular - Growth,UTI Mutual Fund,Equity
102886,2024-06,142.20365999999999,137.8935,144.7046,0.05571379958715039,UTI Mid Cap Fund - Regular - Growth,UTI Mutual Fund,Equity
102886,2024-07,145.1205913043478,141.7066,150.3168,0.04005711106863941,UTI Mid Cap Fund - Regular - Growth,UTI Mutual Fund,Equity
102886,2024-08,149.53634545454545,141.3438,154.9181,0.37083159410679073,UTI Mid Cap Fund - Regular - Growth,UTI Mutual Fund,Equity
102886,2024-09,161.1352,156.6153,164.0941,0.2239146514025871,UTI Mid Cap Fund - Regular - Growth,UTI Mutual Fund,Equity
102886,2024-10,155.12449130434783,148.462,159.8581,-0.2501937474723121,UTI Mid Cap Fund - Regular - Growth,UTI Mutual Fund,Equity
102886,2024-11,157.52421904761906,151.4224,161.9227,0.14057926972651882,UTI Mid Cap Fund - Regular - Growth,UTI Mutual Fund,Equity
102886,2024-12,159.84785909090908,154.2082,165.7019,0.24984856948888484,UTI Mid Cap Fund - Regular - Growth,UTI Mutual Fund,Equity
102886,2025-01,164.3076739130435,159.6459,169.8164,-0.14290901501660752,UTI Mid Cap Fund - Regular - Growth,UTI Mutual Fund,Equity
102886,2025-02,156.72859499999998,149.3496,160.907,-0.32782456644060654,UTI Mid Cap Fund - Regular - Growth,UTI Mutual Fund,Equity
102886,2025-03,150.18923333333333,142.4322,162.2252,0.40058124071287116,UTI Mid Cap Fund - Regular - Growth,UTI Mutual Fund,Equity
102886,2025-04,157.6698772727273,153.8239,161.3133,-0.23477163239113114,UTI Mid Cap Fund - Regular - Growth,UTI Mutual Fund,Equity
102886,2025-05,154.00883181818182,150.2885,158.7933,-0.09825984309031831,UTI Mid Cap Fund - Regular - Growth,UTI Mutual Fund,Equity
102886,2025-06,149.1196238095238,144.07,152.6071,0.040588118956200576,UTI Mid Cap Fund - Regular - Growth,UTI Mutual Fund,Equity
102886,2025-07,157.28582608695652,149.5395,163.7671,-0.047932494529972336,UTI Mid Cap Fund - Regular - Growth,UTI Mutual Fund,Equity
102886,2025-08,148.50281904761906,145.7257,151.8952,-0.11870597919399192,UTI Mid Cap Fund - Regular - Growth,UTI Mutual Fund,Equity
102886,2025-09,149.65645454545455,142.3803,157.1281,0.10527753766167486,UTI Mid Cap Fund - Regular - Growth,UTI Mutual Fund,Equity
102886,2025-10,143.29661304347826,132.1872,151.6254,-0.5004519486901934,UTI Mid Cap Fund - Regular - Growth,UTI Mutual Fund,Equity
102886,2025-11,126.3694,122.5591,132.2004,-0.19343999378021445,UTI Mid Cap Fund - Regular - Growth,UTI Mutual Fund,Equity
102886,2025-12,135.6589956521739,125.548,144.4171,0.5135260576012748,UTI Mid Cap Fund - Regular - Growth,UTI Mutual Fund,Equity
102886,2026-01,142.32963181818184,135.3058,148.1889,-0.24584392329827587,UTI Mid Cap Fund - Regular - Growth,UTI Mutual Fund,Equity
102886,2026-02,137.8338,133.596,145.0693,0.3536243159595681,UTI Mid Cap Fund - Regular - Growth,UTI Mutual Fund,Equity
102886,2026-03,142.22429545454546,134.5551,149.0875,-0.3299257291234587,UTI Mid Cap Fund - Regular - Growth,UTI Mutual Fund,Equity
102886,2026-04,127.27661363636365,122.2659,134.636,-0.36373884726402184,UTI Mid Cap Fund - Regular - Growth,UTI Mutual Fund,Equity
102886,2026-05,125.43080476190475,122.8589,127.9195,0.063484153929099,UTI Mid Cap Fund - Regular - Growth,UTI Mutual Fund,Equity
102887,2022-01,183.2876619047619,176.7427,191.0721,-0.38532396189601636,UTI Flexi Cap Fund - Regular - Growth,UTI Mutual Fund,Equity
102887,2022-02,176.858135,171.4053,180.2034,-0.017146751628239757,UTI Flexi Cap Fund - Regular - Growth,UTI Mutual Fund,Equity
102887,2022-03,174.73297826086957,168.9935,179.8637,-0.17227767436638097,UTI Flexi Cap Fund - Regular - Growth,UTI Mutual Fund,Equity
102887,2022-04,171.0344380952381,167.8936,174.6645,0.10882407712544355,UTI Flexi Cap Fund - Regular - Growth,UTI Mutual Fund,Equity
102887,2022-05,170.28678181818182,166.4612,172.8352,-0.07942021017210522,UTI Flexi Cap Fund - Regular - Growth,UTI Mutual Fund,Equity
102887,2022-06,157.88720454545455,154.6575,165.9781,-0.4040934283708553,UTI Flexi Cap Fund - Regular - Growth,UTI Mutual Fund,Equity
102887,2022-07,159.2107142857143,149.9155,163.8786,0.12895809947069958,UTI Flexi Cap Fund - Regular - Growth,UTI Mutual Fund,Equity
102887,2022-08,155.3207,150.268,161.979,-0.1322431419320579,UTI Flexi Cap Fund - Regular - Growth,UTI Mutual Fund,Equity
102887,2022-09,156.69238636363636,154.0392,158.9879,0.1009107322599845,UTI Flexi Cap Fund - Regular - Growth,UTI Mutual Fund,Equity
102887,2022-10,165.19287142857144,157.3311,171.5799,0.38700471660065006,UTI Flexi Cap Fund - Regular - Growth,UTI Mutual Fund,Equity
102887,2022-11,173.20180000000002,169.1402,177.9526,0.19010576503172738,UTI Flexi Cap Fund - Regular - Growth,UTI Mutual Fund,Equity
102887,2022-12,175.92013181818183,171.6142,182.5269,-0.12018048816395828,UTI Flexi Cap Fund - Regular - Growth,UTI Mutual Fund,Equity
102887,2023-01,171.30942272727273,168.3969,174.5444,-0.0054426351994359265,UTI Flexi Cap Fund - Regular - Growth,UTI Mutual Fund,Equity
102887,2023-02,176.99758500000002,172.7191,181.4672,0.25106833743698653,UTI Flexi Cap Fund - Regular - Growth,UTI Mutual Fund,Equity
102887,2023-03,191.08304347826086,183.26,197.5979,0.37432987777728355,UTI Flexi Cap Fund - Regular - Growth,UTI Mutual Fund,Equity
102887,2023-04,196.64088999999998,192.5093,202.5238,0.004192541161223145,UTI Flexi Cap Fund - Regular - Growth,UTI Mutual Fund,Equity
102887,2023-05,194.7522304347826,191.4633,198.9025,-0.08765506058225034,UTI Flexi Cap Fund - Regular - Growth,UTI Mutual Fund,Equity
102887,2023-06,191.20481363636364,184.0728,195.8353,0.0007857770189790634,UTI Flexi Cap Fund - Regular - Growth,UTI Mutual Fund,Equity
102887,2023-07,187.7617857142857,183.0462,192.6679,-0.08289058532703236,UTI Flexi Cap Fund - Regular - Growth,UTI Mutual Fund,Equity
102887,2023-08,189.10677826086956,183.3649,195.1865,-0.07551008176629122,UTI Flexi Cap Fund - Regular - Growth,UTI Mutual Fund,Equity
102887,2023-09,179.31023809523808,175.0465,184.1461,-0.10087099005194307,UTI Flexi Cap Fund - Regular - Growth,UTI Mutual Fund,Equity
102887,2023-10,182.3277909090909,176.4073,186.8875,0.0728785860107419,UTI Flexi Cap Fund - Regular - Growth,UTI Mutual Fund,Equity
102887,2023-11,180.99774545454545,174.5747,187.3106,-0.04705947674667577,UTI Flexi Cap Fund - Regular - Growth,UTI Mutual Fund,Equity
102887,2023-12,184.09892380952382,180.1483,189.0099,0.16967643361992205,UTI Flexi Cap Fund - Regular - Growth,UTI Mutual Fund,Equity
102887,2024-01,194.6305260869565,188.7719,204.2249,0.3394851607854581,UTI Flexi Cap Fund - Regular - Growth,UTI Mutual Fund,Equity
102887,2024-02,213.42890000000003,205.0447,231.7427,0.6090105443377133,UTI Flexi Cap Fund - Regular - Growth,UTI Mutual Fund,Equity
102887,2024-03,228.21890952380951,221.8967,233.6381,-0.0615394027653083,UTI Flexi Cap Fund - Regular - Growth,UTI Mutual Fund,Equity
102887,2024-04,222.57127272727274,214.6251,231.2638,0.0627858707748558,UTI Flexi Cap Fund - Regular - Growth,UTI Mutual Fund,Equity
102887,2024-05,236.11614347826088,228.887,241.4666,0.11259937041385726,UTI Flexi Cap Fund - Regular - Growth,UTI Mutual Fund,Equity
102887,2024-06,238.04353999999998,228.9807,247.6234,0.22368690299977737,UTI Flexi Cap Fund - Regular - Growth,UTI Mutual Fund,Equity
102887,2024-07,246.05523913043476,235.9354,252.8193,-0.16757028765233623,UTI Flexi Cap Fund - Regular - Growth,UTI Mutual Fund,Equity
102887,2024-08,232.21693636363636,226.437,239.5689,0.03615346101380526,UTI Flexi Cap Fund - Regular - Growth,UTI Mutual Fund,Equity
102887,2024-09,257.2303619047619,243.3345,270.8248,0.4111465171794557,UTI Flexi Cap Fund - Regular - Growth,UTI Mutual Fund,Equity
102887,2024-10,254.3716043478261,249.9661,258.516,-0.032886150130740796,UTI Flexi Cap Fund - Regular - Growth,UTI Mutual Fund,Equity
102887,2024-11,264.6617619047619,257.1775,269.4209,0.06664336677467053,UTI Flexi Cap Fund - Regular - Growth,UTI Mutual Fund,Equity
102887,2024-12,267.4887318181818,262.2063,277.4018,0.2667611074464439,UTI Flexi Cap Fund - Regular - Growth,UTI Mutual Fund,Equity
102887,2025-01,288.81984782608697,275.4237,298.5751,0.27044020436886124,UTI Flexi Cap Fund - Regular - Growth,UTI Mutual Fund,Equity
102887,2025-02,295.54913999999997,289.0753,300.7683,0.05713918323914269,UTI Flexi Cap Fund - Regular - Growth,UTI Mutual Fund,Equity
102887,2025-03,307.3750619047619,297.817,316.452,0.05478148464569457,UTI Flexi Cap Fund - Regular - Growth,UTI Mutual Fund,Equity
102887,2025-04,311.5626,302.8246,318.2422,0.24478673568194506,UTI Flexi Cap Fund - Regular - Growth,UTI Mutual Fund,Equity
102887,2025-05,329.83518636363635,316.7779,342.1377,0.29103868688508067,UTI Flexi Cap Fund - Regular - Growth,UTI Mutual Fund,Equity
102887,2025-06,344.20214285714286,332.1638,355.8058,0.22247455253302043,UTI Flexi Cap Fund - Regular - Growth,UTI Mutual Fund,Equity
102887,2025-07,358.2887608695652,352.5931,365.4034,0.09317006208100981,UTI Flexi Cap Fund - Regular - Growth,UTI Mutual Fund,Equity
102887,2025-08,390.2624666666667,365.2215,410.7238,0.5601604179351136,UTI Flexi Cap Fund - Regular - Growth,UTI Mutual Fund,Equity
102887,2025-09,409.57199545454546,403.3244,419.3008,-0.022108313122512744,UTI Flexi Cap Fund - Regular - Growth,UTI Mutual Fund,Equity
102887,2025-10,400.85566956521734,385.6751,414.8207,0.013513455724377819,UTI Flexi Cap Fund - Regular - Growth,UTI Mutual Fund,Equity
102887,2025-11,399.74789999999996,385.7337,410.0973,-0.22622524156500118,UTI Flexi Cap Fund - Regular - Growth,UTI Mutual Fund,Equity
102887,2025-12,392.51018695652175,379.3323,400.6038,0.020370430612582296,UTI Flexi Cap Fund - Regular - Growth,UTI Mutual Fund,Equity
102887,2026-01,391.51575454545457,384.8349,397.499,0.06680209889147495,UTI Flexi Cap Fund - Regular - Growth,UTI Mutual Fund,Equity
102887,2026-02,393.42047,376.8293,404.9537,-0.2004222137175804,UTI Flexi Cap Fund - Regular - Growth,UTI Mutual Fund,Equity
102887,2026-03,372.8821045454546,367.0657,379.5173,-0.0716051078011224,UTI Flexi Cap Fund - Regular - Growth,UTI Mutual Fund,Equity
102887,2026-04,375.89081363636365,366.1633,383.9967,0.07509218029038044,UTI Flexi Cap Fund - Regular - Growth,UTI Mutual Fund,Equity
102887,2026-05,366.54242857142856,354.3561,378.9657,0.038403555302371384,UTI Flexi Cap Fund - Regular - Growth,UTI Mutual Fund,Equity
118632,2022-01,43.99177619047619,42.8033,46.1245,0.3218798563339248,Nippon India Large Cap Fund - Regular - Growth,Nippon India MF,Equity
118632,2022-02,46.244960000000006,45.6612,46.8501,0.08275651779394988,Nippon India Large Cap Fund - Regular - Growth,Nippon India MF,Equity
118632,2022-03,47.71848260869565,46.4146,49.5366,0.2899773875553904,Nippon India Large Cap Fund - Regular - Growth,Nippon India MF,Equity
118632,2022-04,51.41659523809523,49.7151,53.4247,0.31219490637859393,Nippon India Large Cap Fund - Regular - Growth,Nippon India MF,Equity
118632,2022-05,54.043949999999995,52.7328,55.3282,0.06729192104615059,Nippon India Large Cap Fund - Regular - Growth,Nippon India MF,Equity
118632,2022-06,53.165386363636365,52.363,54.1215,-0.06064013247886038,Nippon India Large Cap Fund - Regular - Growth,Nippon India MF,Equity
118632,2022-07,54.16272857142857,52.791,55.4149,0.13331960245914026,Nippon India Large Cap Fund - Regular - Growth,Nippon India MF,Equity
118632,2022-08,53.09102173913043,50.9981,55.3749,-0.2558157100216862,Nippon India Large Cap Fund - Regular - Growth,Nippon India MF,Equity
118632,2022-09,53.23244090909091,50.8256,55.6087,0.1693346897594781,Nippon India Large Cap Fund - Regular - Growth,Nippon India MF,Equity
118632,2022-10,53.280590476190476,51.867,54.467,-0.09772292069643926,Nippon India Large Cap Fund - Regular - Growth,Nippon India MF,Equity
118632,2022-11,50.94045454545455,50.1269,51.7724,-0.04949068749253764,Nippon India Large Cap Fund - Regular - Growth,Nippon India MF,Equity
118632,2022-12,50.742222727272726,49.2154,52.9559,0.1510654339258248,Nippon India Large Cap Fund - Regular - Growth,Nippon India MF,Equity
118632,2023-01,55.463818181818176,53.1963,57.6651,0.39090861692434387,Nippon India Large Cap Fund - Regular - Growth,Nippon India MF,Equity
118632,2023-02,58.684895,57.5278,59.8077,0.08915652507611505,Nippon India Large Cap Fund - Regular - Growth,Nippon India MF,Equity
118632,2023-03,61.07511304347826,58.4354,63.3555,0.27136416560418114,Nippon India Large Cap Fund - Regular - Growth,Nippon India MF,Equity
118632,2023-04,63.04796,61.3074,65.105,0.12137798228831873,Nippon India Large Cap Fund - Regular - Growth,Nippon India MF,Equity
118632,2023-05,60.77071304347826,58.7659,62.9903,-0.22445886054131242,Nippon India Large Cap Fund - Regular - Growth,Nippon India MF,Equity
118632,2023-06,64.82354545454545,60.9428,67.0723,0.35013965594728014,Nippon India Large Cap Fund - Regular - Growth,Nippon India MF,Equity
118632,2023-07,68.48310476190476,65.7973,71.1276,0.3947515659568153,Nippon India Large Cap Fund - Regular - Growth,Nippon India MF,Equity
118632,2023-08,72.29257391304348,69.3099,74.3464,0.15268107685542867,Nippon India Large Cap Fund - Regular - Growth,Nippon India MF,Equity
118632,2023-09,72.82135238095238,71.1507,74.641,0.013518399800726031,Nippon India Large Cap Fund - Regular - Growth,Nippon India MF,Equity
118632,2023-10,75.87640909090909,73.5528,77.6336,0.2408827098315979,Nippon India Large Cap Fund - Regular - Growth,Nippon India MF,Equity
118632,2023-11,78.27172727272728,75.5519,80.2417,0.11624415684053972,Nippon India Large Cap Fund - Regular - Growth,Nippon India MF,Equity
118632,2023-12,80.19555714285714,78.7816,81.7441,0.06928790891512399,Nippon India Large Cap Fund - Regular - Growth,Nippon India MF,Equity
118632,2024-01,80.2519347826087,78.2113,81.932,-0.12217010468991296,Nippon India Large Cap Fund - Regular - Growth,Nippon India MF,Equity
118632,2024-02,78.89053333333334,77.8026,79.7816,0.09827741005948115,Nippon India Large Cap Fund - Regular - Growth,Nippon India MF,Equity
118632,2024-03,77.5276238095238,75.4417,80.4438,-0.23006917494232515,Nippon India Large Cap Fund - Regular - Growth,Nippon India MF,Equity
118632,2024-04,76.11530454545453,73.8241,77.7475,-0.06331430803782322,Nippon India Large Cap Fund - Regular - Growth,Nippon India MF,Equity
118632,2024-05,73.58518695652174,70.7315,76.2547,-0.2417722340186035,Nippon India Large Cap Fund - Regular - Growth,Nippon India MF,Equity
118632,2024-06,70.62189,68.6655,72.4725,-0.09680553211948054,Nippon India Large Cap Fund - Regular - Growth,Nippon India MF,Equity
118632,2024-07,68.75377391304347,67.6643,70.2823,0.037733457072367554,Nippon India Large Cap Fund - Regular - Growth,Nippon India MF,Equity
118632,2024-08,69.94217727272728,68.197,73.0101,0.204136152258394,Nippon India Large Cap Fund - Regular - Growth,Nippon India MF,Equity
118632,2024-09,72.9510238095238,71.8658,74.4392,-0.02433152408651986,Nippon India Large Cap Fund - Regular - Growth,Nippon India MF,Equity
118632,2024-10,73.10217826086956,69.9433,77.169,0.24493071396497862,Nippon India Large Cap Fund - Regular - Growth,Nippon India MF,Equity
118632,2024-11,77.87686666666666,76.5583,78.7316,0.05281111030157815,Nippon India Large Cap Fund - Regular - Growth,Nippon India MF,Equity
118632,2024-12,79.12709090909091,77.4018,80.5626,0.05673565093605222,Nippon India Large Cap Fund - Regular - Growth,Nippon India MF,Equity
118632,2025-01,77.29598695652174,75.2004,79.309,-0.07765196639836695,Nippon India Large Cap Fund - Regular - Growth,Nippon India MF,Equity
118632,2025-02,78.952505,76.7643,81.1138,0.20485884788207623,Nippon India Large Cap Fund - Regular - Growth,Nippon India MF,Equity
118632,2025-03,79.04574285714287,77.9655,80.1093,-0.034809068170671406,Nippon India Large Cap Fund - Regular - Growth,Nippon India MF,Equity
118632,2025-04,79.24902272727273,78.1005,80.728,0.01434222702198456,Nippon India Large Cap Fund - Regular - Growth,Nippon India MF,Equity
118632,2025-05,81.41937272727273,78.8139,84.6234,0.2289036560961355,Nippon India Large Cap Fund - Regular - Growth,Nippon India MF,Equity
118632,2025-06,89.29029523809524,84.4689,92.3478,0.47168973297584876,Nippon India Large Cap Fund - Regular - Growth,Nippon India MF,Equity
118632,2025-07,90.88398260869565,87.8852,94.7573,0.08121773659933182,Nippon India Large Cap Fund - Regular - Growth,Nippon India MF,Equity
118632,2025-08,94.62044761904761,93.3418,95.857,0.07794705587999524,Nippon India Large Cap Fund - Regular - Growth,Nippon India MF,Equity
118632,2025-09,94.68015909090909,93.1398,96.2931,-0.026348341247968542,Nippon India Large Cap Fund - Regular - Growth,Nippon India MF,Equity
118632,2025-10,97.35130869565218,94.8106,99.1827,0.001974527464410543,Nippon India Large Cap Fund - Regular - Growth,Nippon India MF,Equity
118632,2025-11,97.584845,94.685,100.5665,0.12139583982691213,Nippon India Large Cap Fund - Regular - Growth,Nippon India MF,Equity
118632,2025-12,96.02520434782608,93.0666,98.9088,0.05617515628242407,Nippon India Large Cap Fund - Regular - Growth,Nippon India MF,Equity
118632,2026-01,97.50301818181819,95.9741,98.9535,0.025494486329640857,Nippon India Large Cap Fund - Regular - Growth,Nippon India MF,Equity
118632,2026-02,100.52814,98.1115,102.6338,0.11395462534631917,Nippon India Large Cap Fund - Regular - Growth,Nippon India MF,Equity
118632,2026-03,104.25188181818181,99.8834,108.3595,0.32845341612359846,Nippon India Large Cap Fund - Regular - Growth,Nippon India MF,Equity
118632,2026-04,111.72384090909091,107.5817,114.4385,0.035051240067794504,Nippon India Large Cap Fund - Regular - Growth,Nippon India MF,Equity
118632,2026-05,109.6209,108.0438,110.9634,0.06668351551032614,Nippon India Large Cap Fund - Regular - Growth,Nippon India MF,Equity
118633,2022-01,46.12434285714286,45.1271,47.5951,0.002986529558022255,Nippon India Large Cap Fund - Direct - Growth,Nippon India MF,Equity
118633,2022-02,47.77853,47.1108,48.649,0.022330351262500603,Nippon India Large Cap Fund - Direct - Growth,Nippon India MF,Equity
118633,2022-03,48.955600000000004,47.2562,50.7634,0.2730776055380915,Nippon India Large Cap Fund - Direct - Growth,Nippon India MF,Equity
118633,2022-04,51.01516666666667,49.2472,53.2492,0.26922732751892936,Nippon India Large Cap Fund - Direct - Growth,Nippon India MF,Equity
118633,2022-05,52.3261,51.1482,53.6234,-0.07726792086627066,Nippon India Large Cap Fund - Direct - Growth,Nippon India MF,Equity
118633,2022-06,52.95801363636363,51.7291,53.9687,-0.04815699338108314,Nippon India Large Cap Fund - Direct - Growth,Nippon India MF,Equity
118633,2022-07,51.57239523809523,50.6268,52.4011,0.0478767026522117,Nippon India Large Cap Fund - Direct - Growth,Nippon India MF,Equity
118633,2022-08,53.68119130434783,52.5034,55.0043,0.13738606999368883,Nippon India Large Cap Fund - Direct - Growth,Nippon India MF,Equity
118633,2022-09,54.895250000000004,53.7069,56.1745,0.14526622303000147,Nippon India Large Cap Fund - Direct - Growth,Nippon India MF,Equity
118633,2022-10,54.57272857142857,53.5093,55.7463,-0.07417450042894312,Nippon India Large Cap Fund - Direct - Growth,Nippon India MF,Equity
118633,2022-11,53.37401818181818,51.5,55.4599,-0.2401161209026019,Nippon India Large Cap Fund - Direct - Growth,Nippon India MF,Equity
118633,2022-12,54.088027272727274,51.7633,55.4572,0.2590493766965826,Nippon India Large Cap Fund - Direct - Growth,Nippon India MF,Equity
118633,2023-01,53.46488636363636,52.4815,55.1447,-0.13920528272741858,Nippon India Large Cap Fund - Direct - Growth,Nippon India MF,Equity
118633,2023-02,52.967420000000004,51.8057,53.6493,-0.05859234205614124,Nippon India Large Cap Fund - Direct - Growth,Nippon India MF,Equity
118633,2023-03,53.090443478260866,51.8775,54.1842,0.030195414193891757,Nippon India Large Cap Fund - Direct - Growth,Nippon India MF,Equity
118633,2023-04,51.5225,50.0239,53.375,-0.11983403271864757,Nippon India Large Cap Fund - Direct - Growth,Nippon India MF,Equity
118633,2023-05,51.78652608695652,51.1529,52.4224,0.03832035935593912,Nippon India Large Cap Fund - Direct - Growth,Nippon India MF,Equity
118633,2023-06,51.270036363636365,50.3948,52.9531,0.06432358059440485,Nippon India Large Cap Fund - Direct - Growth,Nippon India MF,Equity
118633,2023-07,55.06324285714285,53.0558,56.3692,0.3370189191195271,Nippon India Large Cap Fund - Direct - Growth,Nippon India MF,Equity
118633,2023-08,58.9877652173913,55.956,60.9261,0.18664526388879318,Nippon India Large Cap Fund - Direct - Growth,Nippon India MF,Equity
118633,2023-09,58.858219047619045,57.5466,61.005,0.13491280496340574,Nippon India Large Cap Fund - Direct - Growth,Nippon India MF,Equity
118633,2023-10,61.25180454545455,60.3142,62.7459,0.1594997795570536,Nippon India Large Cap Fund - Direct - Growth,Nippon India MF,Equity
118633,2023-11,59.458786363636364,57.5388,62.3069,-0.19139403281479964,Nippon India Large Cap Fund - Direct - Growth,Nippon India MF,Equity
118633,2023-12,58.22882857142857,55.9646,60.1631,-0.3156868672741902,Nippon India Large Cap Fund - Direct - Growth,Nippon India MF,Equity
118633,2024-01,53.47966956521739,51.9151,56.0698,-0.17458877987657456,Nippon India Large Cap Fund - Direct - Growth,Nippon India MF,Equity
118633,2024-02,52.75059047619048,51.0565,53.7301,-0.24108951369983944,Nippon India Large Cap Fund - Direct - Growth,Nippon India MF,Equity
118633,2024-03,53.00947619047619,51.4202,54.3078,0.2443173488615838,Nippon India Large Cap Fund - Direct - Growth,Nippon India MF,Equity
118633,2024-04,54.50251818181818,53.0684,56.3507,0.22140784779809106,Nippon India Large Cap Fund - Direct - Growth,Nippon India MF,Equity
118633,2024-05,55.84812173913044,54.9708,57.597,-0.04905872550750565,Nippon India Large Cap Fund - Direct - Growth,Nippon India MF,Equity
118633,2024-06,58.180735000000006,56.6943,60.2066,0.3958319582204961,Nippon India Large Cap Fund - Direct - Growth,Nippon India MF,Equity
118633,2024-07,61.78943043478261,59.7308,63.2796,0.21973545271771897,Nippon India Large Cap Fund - Direct - Growth,Nippon India MF,Equity
118633,2024-08,62.184,59.3248,63.7965,-0.22225385276127776,Nippon India Large Cap Fund - Direct - Growth,Nippon India MF,Equity
118633,2024-09,61.760928571428565,60.3168,62.6907,0.1670161919550743,Nippon India Large Cap Fund - Direct - Growth,Nippon India MF,Equity
118633,2024-10,59.97344782608696,56.4458,62.6169,-0.4004364014593616,Nippon India Large Cap Fund - Direct - Growth,Nippon India MF,Equity
118633,2024-11,59.27112857142858,57.5729,60.8258,0.13387864123560322,Nippon India Large Cap Fund - Direct - Growth,Nippon India MF,Equity
118633,2024-12,57.47830454545454,56.3734,58.7739,-0.030494554084653003,Nippon India Large Cap Fund - Direct - Growth,Nippon India MF,Equity
118633,2025-01,62.39175652173913,58.6266,65.4145,0.5370599986910256,Nippon India Large Cap Fund - Direct - Growth,Nippon India MF,Equity
118633,2025-02,66.064155,64.9487,67.8794,0.15889966724055404,Nippon India Large Cap Fund - Direct - Growth,Nippon India MF,Equity
118633,2025-03,67.99138571428571,65.6073,70.4337,0.18467264535144265,Nippon India Large Cap Fund - Direct - Growth,Nippon India MF,Equity
118633,2025-04,70.07907272727272,68.9698,71.3422,-0.06954714125445723,Nippon India Large Cap Fund - Direct - Growth,Nippon India MF,Equity
118633,2025-05,70.65822272727273,68.0222,73.385,0.2860257523997631,Nippon India Large Cap Fund - Direct - Growth,Nippon India MF,Equity
118633,2025-06,72.54825714285714,70.7995,75.4572,0.04446943051106108,Nippon India Large Cap Fund - Direct - Growth,Nippon India MF,Equity
118633,2025-07,75.2492652173913,72.6136,77.597,0.18589539067830096,Nippon India Large Cap Fund - Direct - Growth,Nippon India MF,Equity
118633,2025-08,77.44315238095238,75.9176,78.8094,-0.03853964662043959,Nippon India Large Cap Fund - Direct - Growth,Nippon India MF,Equity
118633,2025-09,78.03335909090909,76.6614,79.9999,0.16454309322985394,Nippon India Large Cap Fund - Direct - Growth,Nippon India MF,Equity
118633,2025-10,82.7992,79.1293,86.1465,0.23832039343785966,Nippon India Large Cap Fund - Direct - Growth,Nippon India MF,Equity
118633,2025-11,81.57097999999999,79.4089,84.1981,-0.25551520413054307,Nippon India Large Cap Fund - Direct - Growth,Nippon India MF,Equity
118633,2025-12,79.5266,77.3668,81.4768,0.11653431496454048,Nippon India Large Cap Fund - Direct - Growth,Nippon India MF,Equity
118633,2026-01,82.5426409090909,81.1655,84.3696,0.12817047044792826,Nippon India Large Cap Fund - Direct - Growth,Nippon India MF,Equity
118633,2026-02,86.16417,83.229,88.1034,0.012879249308562768,Nippon India Large Cap Fund - Direct - Growth,Nippon India MF,Equity
118633,2026-03,86.17102272727273,83.204,88.2772,0.1857175971418182,Nippon India Large Cap Fund - Direct - Growth,Nippon India MF,Equity
118633,2026-04,86.31509545454546,84.3737,90.0417,0.10306077804521742,Nippon India Large Cap Fund - Direct - Growth,Nippon India MF,Equity
118633,2026-05,89.51482380952382,86.9882,92.6175,0.1282867208976127,Nippon India Large Cap Fund - Direct - Growth,Nippon India MF,Equity
118634,2022-01,62.576123809523814,58.3669,69.1076,-0.7505124831810889,Nippon India Small Cap Fund - Regular - Growth,Nippon India MF,Equity
118634,2022-02,62.68055,58.9776,66.9387,0.6140164938542825,Nippon India Small Cap Fund - Regular - Growth,Nippon India MF,Equity
118634,2022-03,66.99411739130436,65.5367,68.5496,-0.020601177428656598,Nippon India Small Cap Fund - Regular - Growth,Nippon India MF,Equity
118634,2022-04,71.3250238095238,66.9896,75.2735,0.5882743647051637,Nippon India Small Cap Fund - Regular - Growth,Nippon India MF,Equity
118634,2022-05,75.88295909090908,73.3712,77.7191,0.07084491059156751,Nippon India Small Cap Fund - Regular - Growth,Nippon India MF,Equity
118634,2022-06,72.67325454545454,66.727,77.5179,-0.5205561648628454,Nippon India Small Cap Fund - Regular - Growth,Nippon India MF,Equity
118634,2022-07,70.59490476190476,69.5063,72.0396,0.1473298304937518,Nippon India Small Cap Fund - Regular - Growth,Nippon India MF,Equity
118634,2022-08,71.91428695652175,69.6056,75.1732,0.34935046358258537,Nippon India Small Cap Fund - Regular - Growth,Nippon India MF,Equity
118634,2022-09,77.48941363636364,75.0043,80.5768,0.15016881851053412,Nippon India Small Cap Fund - Regular - Growth,Nippon India MF,Equity
118634,2022-10,78.11284761904761,74.8992,84.0769,0.39916483348326603,Nippon India Small Cap Fund - Regular - Growth,Nippon India MF,Equity
118634,2022-11,88.73077727272727,85.0817,93.6207,0.4001326238642179,Nippon India Small Cap Fund - Regular - Growth,Nippon India MF,Equity
118634,2022-12,93.65449545454545,88.2797,99.408,0.383832040104538,Nippon India Small Cap Fund - Regular - Growth,Nippon India MF,Equity
118634,2023-01,109.43315454545454,102.6502,113.0082,0.48442211677671004,Nippon India Small Cap Fund - Regular - Growth,Nippon India MF,Equity
118634,2023-02,116.61131499999999,113.0141,120.9069,0.4218574170007683,Nippon India Small Cap Fund - Regular - Growth,Nippon India MF,Equity
118634,2023-03,111.7305956521739,106.759,115.1134,-0.15039732876924922,Nippon India Small Cap Fund - Regular - Growth,Nippon India MF,Equity
118634,2023-04,118.23927499999999,112.9577,123.6143,0.017835717616017634,Nippon India Small Cap Fund - Regular - Growth,Nippon India MF,Equity
118634,2023-05,111.2584695652174,105.5317,117.161,-0.2723990829722556,Nippon India Small Cap Fund - Regular - Growth,Nippon India MF,Equity
118634,2023-06,102.11185454545453,98.9388,108.1077,-0.19333827011166582,Nippon India Small Cap Fund - Regular - Growth,Nippon India MF,Equity
118634,2023-07,105.39883809523809,99.1043,109.2063,0.002453072820334044,Nippon India Small Cap Fund - Regular - Growth,Nippon India MF,Equity
118634,2023-08,100.3837304347826,96.4058,104.1518,-0.06317899104366695,Nippon India Small Cap Fund - Regular - Growth,Nippon India MF,Equity
118634,2023-09,105.7004,97.4093,113.3057,0.3689506947001425,Nippon India Small Cap Fund - Regular - Growth,Nippon India MF,Equity
118634,2023-10,110.59718181818181,104.6516,117.2609,0.3545386236174846,Nippon India Small Cap Fund - Regular - Growth,Nippon India MF,Equity
118634,2023-11,114.85492272727274,109.0852,121.0192,-0.2542038015825047,Nippon India Small Cap Fund - Regular - Growth,Nippon India MF,Equity
118634,2023-12,102.76634761904762,98.6562,107.907,-0.4824384459593772,Nippon India Small Cap Fund - Regular - Growth,Nippon India MF,Equity
118634,2024-01,101.24754782608696,97.8118,103.5266,-0.03315758588537894,Nippon India Small Cap Fund - Regular - Growth,Nippon India MF,Equity
118634,2024-02,101.7045619047619,98.7997,104.5329,0.04081875313238042,Nippon India Small Cap Fund - Regular - Growth,Nippon India MF,Equity
118634,2024-03,106.6066,96.082,120.5835,0.9215966537024533,Nippon India Small Cap Fund - Regular - Growth,Nippon India MF,Equity
118634,2024-04,117.96945000000001,110.5135,123.3356,-0.13613671348992656,Nippon India Small Cap Fund - Regular - Growth,Nippon India MF,Equity
118634,2024-05,115.1033304347826,111.8507,118.6494,0.046737511487533565,Nippon India Small Cap Fund - Regular - Growth,Nippon India MF,Equity
118634,2024-06,119.27552499999999,114.4038,123.9897,0.004875120603617921,Nippon India Small Cap Fund - Regular - Growth,Nippon India MF,Equity
118634,2024-07,117.32456086956522,112.7519,123.5161,0.25639958230074666,Nippon India Small Cap Fund - Regular - Growth,Nippon India MF,Equity
118634,2024-08,119.08746363636364,112.7661,124.9677,-0.40114488541544424,Nippon India Small Cap Fund - Regular - Growth,Nippon India MF,Equity
118634,2024-09,112.91618095238094,107.6079,121.9784,0.17493097594973597,Nippon India Small Cap Fund - Regular - Growth,Nippon India MF,Equity
118634,2024-10,109.06156956521738,105.5909,113.4996,-0.3959379609356946,Nippon India Small Cap Fund - Regular - Growth,Nippon India MF,Equity
118634,2024-11,109.6153619047619,103.0314,115.1901,0.23977444095367725,Nippon India Small Cap Fund - Regular - Growth,Nippon India MF,Equity
118634,2024-12,107.24872727272728,104.8308,110.9071,-0.2641909475828299,Nippon India Small Cap Fund - Regular - Growth,Nippon India MF,Equity
118634,2025-01,109.26682608695653,103.4471,113.5953,0.36231745426610046,Nippon India Small Cap Fund - Regular - Growth,Nippon India MF,Equity
118634,2025-02,116.38242,110.5956,123.3702,0.4081322720334418,Nippon India Small Cap Fund - Regular - Growth,Nippon India MF,Equity
118634,2025-03,116.10230952380951,110.7132,123.6235,-0.38554167241752946,Nippon India Small Cap Fund - Regular - Growth,Nippon India MF,Equity
118634,2025-04,122.11340909090909,117.345,126.7224,0.363435025024665,Nippon India Small Cap Fund - Regular - Growth,Nippon India MF,Equity
118634,2025-05,120.16828636363635,114.5834,125.5776,-0.2736873657683537,Nippon India Small Cap Fund - Regular - Growth,Nippon India MF,Equity
118634,2025-06,112.80521904761905,109.0404,119.0787,-0.2031487236975216,Nippon India Small Cap Fund - Regular - Growth,Nippon India MF,Equity
118634,2025-07,103.91695652173914,98.3957,108.0058,-0.3819095690764266,Nippon India Small Cap Fund - Regular - Growth,Nippon India MF,Equity
118634,2025-08,101.77891904761906,99.9572,103.7157,0.06127098728997894,Nippon India Small Cap Fund - Regular - Growth,Nippon India MF,Equity
118634,2025-09,104.40733636363638,101.2768,107.7006,0.21986849822011198,Nippon India Small Cap Fund - Regular - Growth,Nippon India MF,Equity
118634,2025-10,105.78449565217392,101.0184,109.1159,0.08009969586476447,Nippon India Small Cap Fund - Regular - Growth,Nippon India MF,Equity
118634,2025-11,110.59894999999999,107.5044,115.6393,0.22876286708687185,Nippon India Small Cap Fund - Regular - Growth,Nippon India MF,Equity
118634,2025-12,110.68186521739129,106.621,115.2641,-0.19956809104913606,Nippon India Small Cap Fund - Regular - Growth,Nippon India MF,Equity
118634,2026-01,108.05818636363637,103.9495,111.5998,-0.12213757918009827,Nippon India Small Cap Fund - Regular - Growth,Nippon India MF,Equity
118634,2026-02,100.54129,97.1392,104.3418,-0.12699704177624732,Nippon India Small Cap Fund - Regular - Growth,Nippon India MF,Equity
118634,2026-03,110.77743181818182,101.8125,118.8264,0.6163194162065899,Nippon India Small Cap Fund - Regular - Growth,Nippon India MF,Equity
118634,2026-04,126.1610590909091,117.1975,133.3573,0.6440158789075471,Nippon India Small Cap Fund - Regular - Growth,Nippon India MF,Equity
118634,2026-05,135.20721904761905,129.8933,138.9727,0.08423512277003507,Nippon India Small Cap Fund - Regular - Growth,Nippon India MF,Equity
118635,2022-01,162.51238095238097,156.6365,170.3428,-0.3630205659539998,Nippon India ETF Nifty 50 BeES,Nippon India MF,Equity
118635,2022-02,162.64514,155.4668,168.8144,0.18892138458729893,Nippon India ETF Nifty 50 BeES,Nippon India MF,Equity
118635,2022-03,162.9435347826087,158.6347,167.4141,-0.015829092899219264,Nippon India ETF Nifty 50 BeES,Nippon India MF,Equity
118635,2022-04,164.65291904761904,160.8378,170.0749,0.055441836389527994,Nippon India ETF Nifty 50 BeES,Nippon India MF,Equity
118635,2022-05,160.0448909090909,156.1793,164.6458,-0.21319688827768057,Nippon India ETF Nifty 50 BeES,Nippon India MF,Equity
118635,2022-06,155.95680909090908,150.4968,159.2239,0.009398363825198137,Nippon India ETF Nifty 50 BeES,Nippon India MF,Equity
118635,2022-07,158.64425714285713,155.5705,164.3868,0.14315763880685145,Nippon India ETF Nifty 50 BeES,Nippon India MF,Equity
118635,2022-08,160.67129130434782,157.0456,163.5436,-0.04651825185718218,Nippon India ETF Nifty 50 BeES,Nippon India MF,Equity
118635,2022-09,162.65281363636362,160.7925,165.0073,0.0759646991493703,Nippon India ETF Nifty 50 BeES,Nippon India MF,Equity
118635,2022-10,158.54431428571428,157.7666,159.9922,-0.15984239954546073,Nippon India ETF Nifty 50 BeES,Nippon India MF,Equity
118635,2022-11,156.6283909090909,154.6429,158.3623,0.012319423801415203,Nippon India ETF Nifty 50 BeES,Nippon India MF,Equity
118635,2022-12,163.20040454545455,156.817,168.8951,0.29973549549392564,Nippon India ETF Nifty 50 BeES,Nippon India MF,Equity
118635,2023-01,170.62972727272728,167.3993,175.4237,0.179615030377918,Nippon India ETF Nifty 50 BeES,Nippon India MF,Equity
118635,2023-02,176.91448,174.2594,180.7062,0.15206147079213417,Nippon India ETF Nifty 50 BeES,Nippon India MF,Equity
118635,2023-03,184.88702173913043,179.6601,191.6368,0.15160034607786738,Nippon India ETF Nifty 50 BeES,Nippon India MF,Equity
118635,2023-04,189.582935,186.2677,193.0734,0.04415579407219315,Nippon India ETF Nifty 50 BeES,Nippon India MF,Equity
118635,2023-05,188.56914782608695,185.4635,191.9428,0.070095140805962,Nippon India ETF Nifty 50 BeES,Nippon India MF,Equity
118635,2023-06,203.49399545454546,190.8949,211.8605,0.38210885545499446,Nippon India ETF Nifty 50 BeES,Nippon India MF,Equity
118635,2023-07,210.0051238095238,203.1861,215.1283,0.1649515037241687,Nippon India ETF Nifty 50 BeES,Nippon India MF,Equity
118635,2023-08,214.6791391304348,210.8403,217.6386,0.000897337293139979,Nippon India ETF Nifty 50 BeES,Nippon India MF,Equity
118635,2023-09,211.10165714285714,207.7237,215.3102,-0.12728335358054133,Nippon India ETF Nifty 50 BeES,Nippon India MF,Equity
118635,2023-10,208.36902727272727,203.5157,214.3736,0.11390097360330415,Nippon India ETF Nifty 50 BeES,Nippon India MF,Equity
118635,2023-11,221.32268636363634,212.2996,229.9637,0.25747593266939117,Nippon India ETF Nifty 50 BeES,Nippon India MF,Equity
118635,2023-12,223.0529238095238,215.813,230.3686,-0.05055872363820544,Nippon India ETF Nifty 50 BeES,Nippon India MF,Equity
118635,2024-01,221.92816086956523,218.3727,227.004,-0.040097719370764215,Nippon India ETF Nifty 50 BeES,Nippon India MF,Equity
118635,2024-02,218.14460000000003,211.8975,221.4988,-0.21895042299847514,Nippon India ETF Nifty 50 BeES,Nippon India MF,Equity
118635,2024-03,220.88708571428575,210.7383,226.1344,0.26131558714540165,Nippon India ETF Nifty 50 BeES,Nippon India MF,Equity
118635,2024-04,224.92580454545453,221.5802,230.6384,0.10584730751893238,Nippon India ETF Nifty 50 BeES,Nippon India MF,Equity
118635,2024-05,224.8417086956522,217.6965,228.1126,-0.21472231140319262,Nippon India ETF Nifty 50 BeES,Nippon India MF,Equity
118635,2024-06,222.71803,214.1983,229.3665,0.21654432266314028,Nippon India ETF Nifty 50 BeES,Nippon India MF,Equity
118635,2024-07,226.8211043478261,222.4504,235.8003,0.16726097264877698,Nippon India ETF Nifty 50 BeES,Nippon India MF,Equity
118635,2024-08,243.26296363636365,235.7321,253.5149,0.1960986164665143,Nippon India ETF Nifty 50 BeES,Nippon India MF,Equity
118635,2024-09,247.13837619047618,238.5848,254.0992,0.04791201335654782,Nippon India ETF Nifty 50 BeES,Nippon India MF,Equity
118635,2024-10,248.59718695652174,242.6117,255.3801,0.020275280771595842,Nippon India ETF Nifty 50 BeES,Nippon India MF,Equity
118635,2024-11,255.39820476190476,246.8101,260.6285,0.11731154791496033,Nippon India ETF Nifty 50 BeES,Nippon India MF,Equity
118635,2024-12,247.90341363636364,244.2954,255.0939,-0.16590764671108366,Nippon India ETF Nifty 50 BeES,Nippon India MF,Equity
118635,2025-01,249.96186086956521,242.7657,256.5395,0.1614196111204082,Nippon India ETF Nifty 50 BeES,Nippon India MF,Equity
118635,2025-02,259.21007,256.3353,262.0383,0.08516414565275632,Nippon India ETF Nifty 50 BeES,Nippon India MF,Equity
118635,2025-03,262.2577142857143,258.2854,267.078,0.03948932308143828,Nippon India ETF Nifty 50 BeES,Nippon India MF,Equity
118635,2025-04,263.9740136363636,259.6611,268.1204,0.003594082455435607,Nippon India ETF Nifty 50 BeES,Nippon India MF,Equity
118635,2025-05,259.1777181818182,254.9573,266.7501,0.053516740512641,Nippon India ETF Nifty 50 BeES,Nippon India MF,Equity
118635,2025-06,265.41230952380954,259.1734,273.5132,0.11056476072075333,Nippon India ETF Nifty 50 BeES,Nippon India MF,Equity
118635,2025-07,283.0304869565217,273.0703,290.8848,0.28206007266326083,Nippon India ETF Nifty 50 BeES,Nippon India MF,Equity
118635,2025-08,293.22870476190474,282.4519,304.3325,0.14274588267352337,Nippon India ETF Nifty 50 BeES,Nippon India MF,Equity
118635,2025-09,293.2703,289.6125,297.5144,-0.05104184965101382,Nippon India ETF Nifty 50 BeES,Nippon India MF,Equity
118635,2025-10,292.00557391304346,285.5894,298.0435,0.02492548648424543,Nippon India ETF Nifty 50 BeES,Nippon India MF,Equity
118635,2025-11,304.231925,293.2902,311.1592,0.18359910657137823,Nippon India ETF Nifty 50 BeES,Nippon India MF,Equity
118635,2025-12,314.4274043478261,304.4638,328.1052,0.31715655512434365,Nippon India ETF Nifty 50 BeES,Nippon India MF,Equity
118635,2026-01,326.3845636363636,319.3832,333.8906,-0.047230531421032056,Nippon India ETF Nifty 50 BeES,Nippon India MF,Equity
118635,2026-02,327.461145,323.8915,331.613,0.05449115200003076,Nippon India ETF Nifty 50 BeES,Nippon India MF,Equity
118635,2026-03,322.87706363636363,315.9598,332.4557,-0.13280098197122361,Nippon India ETF Nifty 50 BeES,Nippon India MF,Equity
118635,2026-04,321.4009909090909,315.4056,330.3958,0.09080913561817104,Nippon India ETF Nifty 50 BeES,Nippon India MF,Equity
118635,2026-05,326.5614380952381,322.8585,333.3364,0.035913158487805,Nippon India ETF Nifty 50 BeES,Nippon India MF,Equity
118636,2022-01,30.337090476190475,30.1152,30.5797,0.05467066414790166,Nippon India Gilt Securities Fund - Regular - Growth,Nippon India MF,Debt
118636,2022-02,30.779435,30.324,31.2837,0.13638419910699137,Nippon India Gilt Securities Fund - Regular - Growth,Nippon India MF,Debt
118636,2022-03,31.26412608695652,30.9199,31.7311,0.06199351078365141,Nippon India Gilt Securities Fund - Regular - Growth,Nippon India MF,Debt
118636,2022-04,32.00900476190476,31.6814,32.5348,0.11939222335809781,Nippon India Gilt Securities Fund - Regular - Growth,Nippon India MF,Debt
118636,2022-05,32.634972727272725,32.5369,32.7533,0.01878624197983457,Nippon India Gilt Securities Fund - Regular - Growth,Nippon India MF,Debt
118636,2022-06,32.43630909090909,32.256,32.5744,-0.03230783470558706,Nippon India Gilt Securities Fund - Regular - Growth,Nippon India MF,Debt
118636,2022-07,32.887747619047616,32.3909,33.2266,0.08576599271030663,Nippon India Gilt Securities Fund - Regular - Growth,Nippon India MF,Debt
118636,2022-08,33.03271304347826,32.8311,33.1746,-0.024991930686628548,Nippon India Gilt Securities Fund - Regular - Growth,Nippon India MF,Debt
118636,2022-09,32.91021818181818,32.6162,33.1478,0.02918120053179808,Nippon India Gilt Securities Fund - Regular - Growth,Nippon India MF,Debt
118636,2022-10,33.28326666666666,33.129,33.5119,0.06779192344733828,Nippon India Gilt Securities Fund - Regular - Growth,Nippon India MF,Debt
118636,2022-11,33.46278636363636,33.2707,33.7053,-0.019370384164566684,Nippon India Gilt Securities Fund - Regular - Growth,Nippon India MF,Debt
118636,2022-12,33.68323181818182,33.3542,33.9836,0.04167185713971244,Nippon India Gilt Securities Fund - Regular - Growth,Nippon India MF,Debt
118636,2023-01,33.84646818181818,33.6003,34.1065,0.04528610781253459,Nippon India Gilt Securities Fund - Regular - Growth,Nippon India MF,Debt
118636,2023-02,33.963205,33.6326,34.1748,-0.05511583294415978,Nippon India Gilt Securities Fund - Regular - Growth,Nippon India MF,Debt
118636,2023-03,33.88356956521739,33.5897,34.1545,0.023561757655799397,Nippon India Gilt Securities Fund - Regular - Growth,Nippon India MF,Debt
118636,2023-04,33.620175,33.4539,33.792,-0.053159736369974286,Nippon India Gilt Securities Fund - Regular - Growth,Nippon India MF,Debt
118636,2023-05,33.500860869565216,33.3811,33.8353,0.04956281664966346,Nippon India Gilt Securities Fund - Regular - Growth,Nippon India MF,Debt
118636,2023-06,33.87319545454546,33.622,34.1514,-0.027345420993427325,Nippon India Gilt Securities Fund - Regular - Growth,Nippon India MF,Debt
118636,2023-07,33.41477619047619,33.1652,33.6401,-0.058706510688165736,Nippon India Gilt Securities Fund - Regular - Growth,Nippon India MF,Debt
118636,2023-08,32.72197826086956,32.5148,33.1278,-0.09244803010619486,Nippon India Gilt Securities Fund - Regular - Growth,Nippon India MF,Debt
118636,2023-09,32.490161904761905,32.3159,32.7489,-0.011633024464257902,Nippon India Gilt Securities Fund - Regular - Growth,Nippon India MF,Debt
118636,2023-10,32.362109090909094,32.2075,32.7171,0.039940881287741196,Nippon India Gilt Securities Fund - Regular - Growth,Nippon India MF,Debt
118636,2023-11,32.45344090909091,32.3278,32.6086,-0.025853872515107554,Nippon India Gilt Securities Fund - Regular - Growth,Nippon India MF,Debt
118636,2023-12,32.38713333333334,32.0322,32.68,-0.06579556550874219,Nippon India Gilt Securities Fund - Regular - Growth,Nippon India MF,Debt
118636,2024-01,31.929904347826085,31.541,32.1888,-0.07346737606142452,Nippon India Gilt Securities Fund - Regular - Growth,Nippon India MF,Debt
118636,2024-02,31.513180952380953,31.3327,31.5999,-0.000801634123567423,Nippon India Gilt Securities Fund - Regular - Growth,Nippon India MF,Debt
118636,2024-03,31.871438095238098,31.5794,32.0872,0.03176411844316242,Nippon India Gilt Securities Fund - Regular - Growth,Nippon India MF,Debt
118636,2024-04,32.06723181818182,31.7712,32.2295,0.058710994332160246,Nippon India Gilt Securities Fund - Regular - Growth,Nippon India MF,Debt
118636,2024-05,32.1922652173913,31.8485,32.4088,-0.04093827343099285,Nippon India Gilt Securities Fund - Regular - Growth,Nippon India MF,Debt
118636,2024-06,31.843984999999996,31.5776,32.0508,-0.03635690549919747,Nippon India Gilt Securities Fund - Regular - Growth,Nippon India MF,Debt
118636,2024-07,32.037134782608696,31.6447,32.3614,0.10183217347537442,Nippon India Gilt Securities Fund - Regular - Growth,Nippon India MF,Debt
118636,2024-08,32.69186818181818,32.2981,33.0493,0.08254639963716831,Nippon India Gilt Securities Fund - Regular - Growth,Nippon India MF,Debt
118636,2024-09,33.028061904761906,32.8965,33.2476,0.039658753201476396,Nippon India Gilt Securities Fund - Regular - Growth,Nippon India MF,Debt
118636,2024-10,33.70060869565218,33.0927,34.1219,0.1161376589149296,Nippon India Gilt Securities Fund - Regular - Growth,Nippon India MF,Debt
118636,2024-11,34.67974761904762,34.2375,34.8868,0.08901209828036423,Nippon India Gilt Securities Fund - Regular - Growth,Nippon India MF,Debt
118636,2024-12,34.699672727272734,34.4393,34.889,-0.042279260533222396,Nippon India Gilt Securities Fund - Regular - Growth,Nippon India MF,Debt
118636,2025-01,34.501186956521735,34.1953,34.6988,-0.025932794986005533,Nippon India Gilt Securities Fund - Regular - Growth,Nippon India MF,Debt
118636,2025-02,34.090334999999996,33.6125,34.3409,-0.09080538259586658,Nippon India Gilt Securities Fund - Regular - Growth,Nippon India MF,Debt
118636,2025-03,33.49133333333333,33.287,33.7477,0.0193320822904934,Nippon India Gilt Securities Fund - Regular - Growth,Nippon India MF,Debt
118636,2025-04,33.9181,33.6081,34.1446,0.053434996731250226,Nippon India Gilt Securities Fund - Regular - Growth,Nippon India MF,Debt
118636,2025-05,34.16385,34.0436,34.3441,0.0002517876474912609,Nippon India Gilt Securities Fund - Regular - Growth,Nippon India MF,Debt
118636,2025-06,34.227561904761906,34.0877,34.4664,0.006049022705157364,Nippon India Gilt Securities Fund - Regular - Growth,Nippon India MF,Debt
118636,2025-07,34.133813043478256,33.8032,34.6294,0.028501926043331488,Nippon India Gilt Securities Fund - Regular - Growth,Nippon India MF,Debt
118636,2025-08,34.7833,34.4873,35.0887,0.08125925235866749,Nippon India Gilt Securities Fund - Regular - Growth,Nippon India MF,Debt
118636,2025-09,35.07374090909091,34.8305,35.268,0.010915350274004976,Nippon India Gilt Securities Fund - Regular - Growth,Nippon India MF,Debt
118636,2025-10,35.150586956521735,34.7913,35.5191,0.054915732701396,Nippon India Gilt Securities Fund - Regular - Growth,Nippon India MF,Debt
118636,2025-11,35.862,35.6162,36.0575,0.0680388369045509,Nippon India Gilt Securities Fund - Regular - Growth,Nippon India MF,Debt
118636,2025-12,36.55393043478261,36.0718,37.0127,0.11694292942528463,Nippon India Gilt Securities Fund - Regular - Growth,Nippon India MF,Debt
118636,2026-01,37.13269090909091,36.8765,37.4446,0.039041908461493156,Nippon India Gilt Securities Fund - Regular - Growth,Nippon India MF,Debt
118636,2026-02,37.338535,37.1819,37.4725,-0.003806834993111419,Nippon India Gilt Securities Fund - Regular - Growth,Nippon India MF,Debt
118636,2026-03,37.1609,36.8985,37.3141,-0.015493282736200365,Nippon India Gilt Securities Fund - Regular - Growth,Nippon India MF,Debt
118636,2026-04,37.12078181818182,36.8778,37.563,0.05179177818841271,Nippon India Gilt Securities Fund - Regular - Growth,Nippon India MF,Debt
118636,2026-05,37.49030952380953,37.3136,37.8243,0.03323399887812171,Nippon India Gilt Securities Fund - Regular - Growth,Nippon India MF,Debt
119092,2022-01,38.85174285714286,38.19,39.4456,0.074088338224233,Axis Bluechip Fund - Regular - Growth,Axis Mutual Fund,Equity
119092,2022-02,39.867575,39.1989,40.6167,0.10506672946713869,Axis Bluechip Fund - Regular - Growth,Axis Mutual Fund,Equity
119092,2022-03,38.179886956521734,36.2221,40.4998,-0.4267135418760743,Axis Bluechip Fund - Regular - Growth,Axis Mutual Fund,Equity
119092,2022-04,36.056785714285716,35.1288,37.0256,0.06610406607757213,Axis Bluechip Fund - Regular - Growth,Axis Mutual Fund,Equity
119092,2022-05,36.19717272727273,35.2122,36.8514,-0.16003242148284647,Axis Bluechip Fund - Regular - Growth,Axis Mutual Fund,Equity
119092,2022-06,36.941900000000004,36.067,37.9424,0.21396736541569694,Axis Bluechip Fund - Regular - Growth,Axis Mutual Fund,Equity
119092,2022-07,37.701752380952385,37.2269,38.6223,0.024113603306651403,Axis Bluechip Fund - Regular - Growth,Axis Mutual Fund,Equity
119092,2022-08,38.36211739130435,37.387,39.8429,0.2870545527083975,Axis Bluechip Fund - Regular - Growth,Axis Mutual Fund,Equity
119092,2022-09,39.94864545454545,38.4832,42.2761,0.2732877459808754,Axis Bluechip Fund - Regular - Growth,Axis Mutual Fund,Equity
119092,2022-10,42.75720476190476,42.0785,43.5667,0.14659129564000153,Axis Bluechip Fund - Regular - Growth,Axis Mutual Fund,Equity
119092,2022-11,44.48851818181818,43.0025,46.4445,0.1912741988079614,Axis Bluechip Fund - Regular - Growth,Axis Mutual Fund,Equity
119092,2022-12,46.00768636363636,45.3387,46.7342,0.08865339903932194,Axis Bluechip Fund - Regular - Growth,Axis Mutual Fund,Equity
119092,2023-01,46.27539545454545,45.2284,47.2569,0.041152566212369776,Axis Bluechip Fund - Regular - Growth,Axis Mutual Fund,Equity
119092,2023-02,46.704485,46.1568,47.1857,0.03291151906245183,Axis Bluechip Fund - Regular - Growth,Axis Mutual Fund,Equity
119092,2023-03,46.34914782608696,45.3547,47.7821,0.0806541419324487,Axis Bluechip Fund - Regular - Growth,Axis Mutual Fund,Equity
119092,2023-04,47.662580000000005,46.3366,48.7122,0.10311397813244194,Axis Bluechip Fund - Regular - Growth,Axis Mutual Fund,Equity
119092,2023-05,49.32605217391304,48.0302,50.2452,0.013342516406302506,Axis Bluechip Fund - Regular - Growth,Axis Mutual Fund,Equity
119092,2023-06,49.28232727272727,48.3231,50.726,0.10505582448467633,Axis Bluechip Fund - Regular - Growth,Axis Mutual Fund,Equity
119092,2023-07,50.60190476190477,49.1755,52.7373,0.21678561282970313,Axis Bluechip Fund - Regular - Growth,Axis Mutual Fund,Equity
119092,2023-08,51.613704347826086,50.5758,52.7449,0.03754414027710778,Axis Bluechip Fund - Regular - Growth,Axis Mutual Fund,Equity
119092,2023-09,52.28087619047619,51.106,53.4988,0.08469025980301294,Axis Bluechip Fund - Regular - Growth,Axis Mutual Fund,Equity
119092,2023-10,53.572140909090905,52.119,54.8362,-0.11416929357133626,Axis Bluechip Fund - Regular - Growth,Axis Mutual Fund,Equity
119092,2023-11,52.38852272727272,50.4628,53.8332,0.12087907919543604,Axis Bluechip Fund - Regular - Growth,Axis Mutual Fund,Equity
119092,2023-12,52.49328571428571,51.4065,53.4532,-0.12443720039415576,Axis Bluechip Fund - Regular - Growth,Axis Mutual Fund,Equity
119092,2024-01,51.838121739130436,50.3678,52.9672,-0.10441217347084164,Axis Bluechip Fund - Regular - Growth,Axis Mutual Fund,Equity
119092,2024-02,50.68324285714285,49.3995,52.025,0.0571206348446408,Axis Bluechip Fund - Regular - Growth,Axis Mutual Fund,Equity
119092,2024-03,50.97036190476191,49.433,52.0565,-0.008403040861414973,Axis Bluechip Fund - Regular - Growth,Axis Mutual Fund,Equity
119092,2024-04,50.42123636363636,48.922,51.3569,-0.08894070441482343,Axis Bluechip Fund - Regular - Growth,Axis Mutual Fund,Equity
119092,2024-05,49.699930434782615,48.8526,50.76,-0.11378526908444221,Axis Bluechip Fund - Regular - Growth,Axis Mutual Fund,Equity
119092,2024-06,49.5843,47.6708,51.5164,0.12595732277050967,Axis Bluechip Fund - Regular - Growth,Axis Mutual Fund,Equity
119092,2024-07,50.411891304347826,49.5614,51.7522,-0.01913925089035474,Axis Bluechip Fund - Regular - Growth,Axis Mutual Fund,Equity
119092,2024-08,50.230790909090906,49.5506,51.3921,-0.009323704638657506,Axis Bluechip Fund - Regular - Growth,Axis Mutual Fund,Equity
119092,2024-09,49.53770952380952,48.4425,50.6979,-0.005061441645850423,Axis Bluechip Fund - Regular - Growth,Axis Mutual Fund,Equity
119092,2024-10,50.67577391304348,49.4898,51.5,0.13362811752416687,Axis Bluechip Fund - Regular - Growth,Axis Mutual Fund,Equity
119092,2024-11,49.99292857142857,48.6614,51.4019,-0.09132555017705449,Axis Bluechip Fund - Regular - Growth,Axis Mutual Fund,Equity
119092,2024-12,48.47263636363636,47.4366,49.6627,-0.18629975224205084,Axis Bluechip Fund - Regular - Growth,Axis Mutual Fund,Equity
119092,2025-01,48.84559565217391,47.6384,49.5493,-0.031431804262763284,Axis Bluechip Fund - Regular - Growth,Axis Mutual Fund,Equity
119092,2025-02,48.508615000000006,46.9389,50.0869,0.0735767948272992,Axis Bluechip Fund - Regular - Growth,Axis Mutual Fund,Equity
119092,2025-03,48.25812857142857,47.5576,48.9661,-0.02327681728546007,Axis Bluechip Fund - Regular - Growth,Axis Mutual Fund,Equity
119092,2025-04,47.682050000000004,47.0679,48.4087,-0.03035734296601017,Axis Bluechip Fund - Regular - Growth,Axis Mutual Fund,Equity
119092,2025-05,50.10722272727273,47.7849,51.8696,0.23322854737016233,Axis Bluechip Fund - Regular - Growth,Axis Mutual Fund,Equity
119092,2025-06,49.796223809523816,48.8151,51.6601,-0.0333308900981377,Axis Bluechip Fund - Regular - Growth,Axis Mutual Fund,Equity
119092,2025-07,51.45165217391304,48.9395,53.4595,0.28452850143097724,Axis Bluechip Fund - Regular - Growth,Axis Mutual Fund,Equity
119092,2025-08,52.10316666666667,50.2827,53.4004,-0.07823941209541076,Axis Bluechip Fund - Regular - Growth,Axis Mutual Fund,Equity
119092,2025-09,50.04046363636364,48.5509,51.4614,-0.09718477973281535,Axis Bluechip Fund - Regular - Growth,Axis Mutual Fund,Equity
119092,2025-10,51.48063913043478,50.1057,52.5056,-0.06644890502396261,Axis Bluechip Fund - Regular - Growth,Axis Mutual Fund,Equity
119092,2025-11,52.030224999999994,50.271,53.3765,0.1840967487328121,Axis Bluechip Fund - Regular - Growth,Axis Mutual Fund,Equity
119092,2025-12,53.31755652173913,52.0498,55.0173,0.24952129508454265,Axis Bluechip Fund - Regular - Growth,Axis Mutual Fund,Equity
119092,2026-01,55.663163636363635,54.1133,56.6987,0.031673268180096525,Axis Bluechip Fund - Regular - Growth,Axis Mutual Fund,Equity
119092,2026-02,55.02716,53.8806,55.9028,-0.12243400949275562,Axis Bluechip Fund - Regular - Growth,Axis Mutual Fund,Equity
119092,2026-03,51.428422727272725,49.4661,54.3451,-0.33435959474593757,Axis Bluechip Fund - Regular - Growth,Axis Mutual Fund,Equity
119092,2026-04,51.92923636363636,50.4202,53.0179,0.24687929646398504,Axis Bluechip Fund - Regular - Growth,Axis Mutual Fund,Equity
119092,2026-05,50.68338095238096,49.3605,52.4019,-0.18136845916193733,Axis Bluechip Fund - Regular - Growth,Axis Mutual Fund,Equity
119093,2022-01,40.55027619047619,39.154,41.8532,-0.15916569484562715,Axis Bluechip Fund - Direct - Growth,Axis Mutual Fund,Equity
119093,2022-02,40.96113,40.0138,42.2166,0.004459524687146455,Axis Bluechip Fund - Direct - Growth,Axis Mutual Fund,Equity
119093,2022-03,39.67804347826087,38.8192,40.6229,-0.013496342936210617,Axis Bluechip Fund - Direct - Growth,Axis Mutual Fund,Equity
119093,2022-04,39.23370952380952,38.4436,40.2751,-0.197508510258579,Axis Bluechip Fund - Direct - Growth,Axis Mutual Fund,Equity
119093,2022-05,37.903290909090906,37.4411,38.7503,0.015724320221076227,Axis Bluechip Fund - Direct - Growth,Axis Mutual Fund,Equity
119093,2022-06,38.295413636363634,37.3243,39.1002,-0.15750786475701314,Axis Bluechip Fund - Direct - Growth,Axis Mutual Fund,Equity
119093,2022-07,35.96129047619048,34.2764,37.5396,-0.3944812291647311,Axis Bluechip Fund - Direct - Growth,Axis Mutual Fund,Equity
119093,2022-08,35.77163043478261,34.4786,37.1281,0.2638630543634485,Axis Bluechip Fund - Direct - Growth,Axis Mutual Fund,Equity
119093,2022-09,36.974968181818184,36.3113,37.5815,-0.02501645433182966,Axis Bluechip Fund - Direct - Growth,Axis Mutual Fund,Equity
119093,2022-10,36.40456666666667,35.7866,37.0473,0.09974758158803569,Axis Bluechip Fund - Direct - Growth,Axis Mutual Fund,Equity
119093,2022-11,36.430631818181816,35.3984,37.3901,-0.17675875480363382,Axis Bluechip Fund - Direct - Growth,Axis Mutual Fund,Equity
119093,2022-12,35.57086818181818,34.6855,36.6082,0.11301470064970155,Axis Bluechip Fund - Direct - Growth,Axis Mutual Fund,Equity
119093,2023-01,35.39534090909091,33.7858,36.5872,-0.2500828558725188,Axis Bluechip Fund - Direct - Growth,Axis Mutual Fund,Equity
119093,2023-02,34.776295,34.2078,35.2882,-0.002966841905935344,Axis Bluechip Fund - Direct - Growth,Axis Mutual Fund,Equity
119093,2023-03,34.72745217391304,34.0383,35.1909,0.0333694804112224,Axis Bluechip Fund - Direct - Growth,Axis Mutual Fund,Equity
119093,2023-04,34.9602,34.101,35.4302,-0.020404330403053235,Axis Bluechip Fund - Direct - Growth,Axis Mutual Fund,Equity
119093,2023-05,33.64577826086956,33.0339,34.4174,-0.1491426473701123,Axis Bluechip Fund - Direct - Growth,Axis Mutual Fund,Equity
119093,2023-06,33.75738181818182,33.2876,34.1026,-0.0016700828220972408,Axis Bluechip Fund - Direct - Growth,Axis Mutual Fund,Equity
119093,2023-07,34.315823809523806,33.3263,35.056,0.21832590156531148,Axis Bluechip Fund - Direct - Growth,Axis Mutual Fund,Equity
119093,2023-08,35.90230434782609,34.4798,37.9718,0.3817128458015957,Axis Bluechip Fund - Direct - Growth,Axis Mutual Fund,Equity
119093,2023-09,38.6483,37.9199,39.3767,-0.0035462624027960913,Axis Bluechip Fund - Direct - Growth,Axis Mutual Fund,Equity
119093,2023-10,38.06172727272727,37.2543,39.1798,0.15365783162198288,Axis Bluechip Fund - Direct - Growth,Axis Mutual Fund,Equity
119093,2023-11,38.68373181818182,37.801,39.5617,-0.04592083562849245,Axis Bluechip Fund - Direct - Growth,Axis Mutual Fund,Equity
119093,2023-12,41.027704761904765,38.8922,42.8049,0.4500244239904535,Axis Bluechip Fund - Direct - Growth,Axis Mutual Fund,Equity
119093,2024-01,42.08270869565217,41.1327,42.7176,-0.03756961014581704,Axis Bluechip Fund - Direct - Growth,Axis Mutual Fund,Equity
119093,2024-02,42.997766666666664,41.5439,44.3935,0.24942257167436574,Axis Bluechip Fund - Direct - Growth,Axis Mutual Fund,Equity
119093,2024-03,44.670833333333334,44.0068,45.4804,0.06541318896081619,Axis Bluechip Fund - Direct - Growth,Axis Mutual Fund,Equity
119093,2024-04,45.562031818181815,44.3863,46.7739,-0.032814900828355545,Axis Bluechip Fund - Direct - Growth,Axis Mutual Fund,Equity
119093,2024-05,45.78082173913044,44.9018,46.6686,0.1624231307964683,Axis Bluechip Fund - Direct - Growth,Axis Mutual Fund,Equity
119093,2024-06,47.884820000000005,46.3468,49.2238,0.1099285695070634,Axis Bluechip Fund - Direct - Growth,Axis Mutual Fund,Equity
119093,2024-07,45.948647826086955,44.7118,47.7969,-0.16049724733355172,Axis Bluechip Fund - Direct - Growth,Axis Mutual Fund,Equity
119093,2024-08,45.90278181818182,44.9626,46.6773,0.023093765588714423,Axis Bluechip Fund - Direct - Growth,Axis Mutual Fund,Equity
119093,2024-09,47.53042380952381,45.8573,49.1559,0.2892801069779801,Axis Bluechip Fund - Direct - Growth,Axis Mutual Fund,Equity
119093,2024-10,48.45357391304348,47.545,49.4739,-0.06878976817002619,Axis Bluechip Fund - Direct - Growth,Axis Mutual Fund,Equity
119093,2024-11,48.0818,46.4566,49.4938,0.17523407714940148,Axis Bluechip Fund - Direct - Growth,Axis Mutual Fund,Equity
119093,2024-12,47.35369545454546,45.3987,49.5748,-0.38321926331455225,Axis Bluechip Fund - Direct - Growth,Axis Mutual Fund,Equity
119093,2025-01,45.47920434782609,44.679,46.2594,0.07092551952622585,Axis Bluechip Fund - Direct - Growth,Axis Mutual Fund,Equity
119093,2025-02,45.89942,44.8268,48.0353,0.21036391096307225,Axis Bluechip Fund - Direct - Growth,Axis Mutual Fund,Equity
119093,2025-03,49.8735,47.4735,51.1787,0.1304343632254993,Axis Bluechip Fund - Direct - Growth,Axis Mutual Fund,Equity
119093,2025-04,48.26995,47.6715,49.5019,-0.14035406998659794,Axis Bluechip Fund - Direct - Growth,Axis Mutual Fund,Equity
119093,2025-05,47.96805,47.1691,49.1421,0.13184463750057118,Axis Bluechip Fund - Direct - Growth,Axis Mutual Fund,Equity
119093,2025-06,49.764476190476195,48.2899,51.4543,0.16770140379650572,Axis Bluechip Fund - Direct - Growth,Axis Mutual Fund,Equity
119093,2025-07,51.15221739130435,49.7065,52.5922,0.14853882400916765,Axis Bluechip Fund - Direct - Growth,Axis Mutual Fund,Equity
119093,2025-08,53.72592380952381,51.7476,55.292,0.24255217322093983,Axis Bluechip Fund - Direct - Growth,Axis Mutual Fund,Equity
119093,2025-09,53.19518181818182,51.7943,55.1115,-0.29015675746893455,Axis Bluechip Fund - Direct - Growth,Axis Mutual Fund,Equity
119093,2025-10,52.997521739130434,51.0472,54.7321,0.23847344749072025,Axis Bluechip Fund - Direct - Growth,Axis Mutual Fund,Equity
119093,2025-11,56.130905,54.3101,59.7557,0.43967455820340895,Axis Bluechip Fund - Direct - Growth,Axis Mutual Fund,Equity
119093,2025-12,57.72534347826087,54.6974,59.9798,-0.3363838823273445,Axis Bluechip Fund - Direct - Growth,Axis Mutual Fund,Equity
119093,2026-01,55.42057727272727,52.5507,57.197,-0.22038971891772954,Axis Bluechip Fund - Direct - Growth,Axis Mutual Fund,Equity
119093,2026-02,52.384105,50.9361,53.8218,-0.09387509262817892,Axis Bluechip Fund - Direct - Growth,Axis Mutual Fund,Equity
119093,2026-03,51.4105,50.3377,52.3699,0.044367840508204165,Axis Bluechip Fund - Direct - Growth,Axis Mutual Fund,Equity
119093,2026-04,52.94865,51.4692,54.1703,0.15648166400008393,Axis Bluechip Fund - Direct - Growth,Axis Mutual Fund,Equity
119093,2026-05,56.37539523809524,54.1582,58.8528,0.40060017358725897,Axis Bluechip Fund - Direct - Growth,Axis Mutual Fund,Equity
119094,2022-01,67.53621904761906,65.7251,69.7092,-0.015446805510188599,Axis Midcap Fund - Regular - Growth,Axis Mutual Fund,Equity
119094,2022-02,70.081605,66.444,72.1067,0.27246159583470986,Axis Midcap Fund - Regular - Growth,Axis Mutual Fund,Equity
119094,2022-03,72.7930956521739,71.2744,74.582,0.14329988589052434,Axis Midcap Fund - Regular - Growth,Axis Mutual Fund,Equity
119094,2022-04,73.99444285714286,70.8275,77.8221,-0.17880312790654082,Axis Midcap Fund - Regular - Growth,Axis Mutual Fund,Equity
119094,2022-05,72.03673181818182,69.2602,75.5906,-0.06191970887259113,Axis Midcap Fund - Regular - Growth,Axis Mutual Fund,Equity
119094,2022-06,66.68131363636364,64.1124,69.8692,-0.2552324396778529,Axis Midcap Fund - Regular - Growth,Axis Mutual Fund,Equity
119094,2022-07,65.67927619047619,64.2643,66.9273,-0.12081570713689034,Axis Midcap Fund - Regular - Growth,Axis Mutual Fund,Equity
119094,2022-08,64.66010869565218,61.5099,68.9088,0.2656285549489389,Axis Midcap Fund - Regular - Growth,Axis Mutual Fund,Equity
119094,2022-09,67.84863636363637,65.0757,69.7233,-0.032577513059166216,Axis Midcap Fund - Regular - Growth,Axis Mutual Fund,Equity
119094,2022-10,66.19591904761904,64.4962,68.5523,0.0642414871150571,Axis Midcap Fund - Regular - Growth,Axis Mutual Fund,Equity
119094,2022-11,69.5464,66.7675,73.2498,0.30868763835560314,Axis Midcap Fund - Regular - Growth,Axis Mutual Fund,Equity
119094,2022-12,71.8909409090909,69.4055,74.901,0.07010685167033383,Axis Midcap Fund - Regular - Growth,Axis Mutual Fund,Equity
119094,2023-01,77.78214090909091,73.7456,81.209,0.30885318273061685,Axis Midcap Fund - Regular - Growth,Axis Mutual Fund,Equity
119094,2023-02,82.24736,80.1764,84.0141,0.13760098173526636,Axis Midcap Fund - Regular - Growth,Axis Mutual Fund,Equity
119094,2023-03,84.36807391304347,80.7325,89.1997,0.1540399634015996,Axis Midcap Fund - Regular - Growth,Axis Mutual Fund,Equity
119094,2023-04,85.803115,83.9804,87.3704,0.17077229875825495,Axis Midcap Fund - Regular - Growth,Axis Mutual Fund,Equity
119094,2023-05,83.55380434782609,80.6748,86.9318,-0.3209531687513068,Axis Midcap Fund - Regular - Growth,Axis Mutual Fund,Equity
119094,2023-06,80.15929090909091,78.6907,82.2062,-0.10796220678577419,Axis Midcap Fund - Regular - Growth,Axis Mutual Fund,Equity
119094,2023-07,82.8008380952381,79.3864,85.4049,0.34816774793621275,Axis Midcap Fund - Regular - Growth,Axis Mutual Fund,Equity
119094,2023-08,86.8961347826087,83.4124,89.1956,0.1812346660504985,Axis Midcap Fund - Regular - Growth,Axis Mutual Fund,Equity
119094,2023-09,91.64494285714285,87.3956,97.6141,0.41084925220345847,Axis Midcap Fund - Regular - Growth,Axis Mutual Fund,Equity
119094,2023-10,100.0422090909091,94.7147,104.0807,0.3692039411617044,Axis Midcap Fund - Regular - Growth,Axis Mutual Fund,Equity
119094,2023-11,105.72218636363637,103.6981,107.4101,0.00852693874514232,Axis Midcap Fund - Regular - Growth,Axis Mutual Fund,Equity
119094,2023-12,104.67410000000001,101.8905,106.8515,0.08826070451572121,Axis Midcap Fund - Regular - Growth,Axis Mutual Fund,Equity
119094,2024-01,104.2112304347826,101.4236,106.7373,-0.16832945976535663,Axis Midcap Fund - Regular - Growth,Axis Mutual Fund,Equity
119094,2024-02,101.51532380952382,99.2566,105.0947,0.17497690218294235,Axis Midcap Fund - Regular - Growth,Axis Mutual Fund,Equity
119094,2024-03,104.09534761904763,101.3544,109.3891,0.20016282420666645,Axis Midcap Fund - Regular - Growth,Axis Mutual Fund,Equity
119094,2024-04,111.0419,108.0934,114.8069,0.039185118531838044,Axis Midcap Fund - Regular - Growth,Axis Mutual Fund,Equity
119094,2024-05,117.56194347826087,110.7639,120.9268,0.29822978318052057,Axis Midcap Fund - Regular - Growth,Axis Mutual Fund,Equity
119094,2024-06,117.186255,114.9776,119.9853,-0.0302204771973269,Axis Midcap Fund - Regular - Growth,Axis Mutual Fund,Equity
119094,2024-07,124.92489565217393,118.5215,131.502,0.4969092632976773,Axis Midcap Fund - Regular - Growth,Axis Mutual Fund,Equity
119094,2024-08,132.94178636363634,126.1516,139.7033,0.309297865054222,Axis Midcap Fund - Regular - Growth,Axis Mutual Fund,Equity
119094,2024-09,134.4541380952381,124.1112,140.9738,-0.5553929839480057,Axis Midcap Fund - Regular - Growth,Axis Mutual Fund,Equity
119094,2024-10,138.71412608695653,124.107,152.9671,0.9195925087099094,Axis Midcap Fund - Regular - Growth,Axis Mutual Fund,Equity
119094,2024-11,159.1344238095238,151.6591,167.3747,0.20428100695606258,Axis Midcap Fund - Regular - Growth,Axis Mutual Fund,Equity
119094,2024-12,150.70763636363637,145.1229,157.4848,-0.2471443793756083,Axis Midcap Fund - Regular - Growth,Axis Mutual Fund,Equity
119094,2025-01,155.37970869565217,148.4384,169.7683,0.5288066224329323,Axis Midcap Fund - Regular - Growth,Axis Mutual Fund,Equity
119094,2025-02,170.08431000000002,163.4417,177.4327,-0.07283219051737896,Axis Midcap Fund - Regular - Growth,Axis Mutual Fund,Equity
119094,2025-03,165.03625714285712,161.8447,168.3478,0.04412131001841532,Axis Midcap Fund - Regular - Growth,Axis Mutual Fund,Equity
119094,2025-04,158.30269545454547,152.5917,168.6041,-0.2420567838599099,Axis Midcap Fund - Regular - Growth,Axis Mutual Fund,Equity
119094,2025-05,164.07499545454544,159.0826,169.444,0.19031947369964508,Axis Midcap Fund - Regular - Growth,Axis Mutual Fund,Equity
119094,2025-06,162.3469523809524,155.7141,167.3856,-0.08620525799467965,Axis Midcap Fund - Regular - Growth,Axis Mutual Fund,Equity
119094,2025-07,164.80843478260869,160.0946,169.3072,-0.046433922752055753,Axis Midcap Fund - Regular - Growth,Axis Mutual Fund,Equity
119094,2025-08,164.63682857142857,158.1403,170.2077,0.20864231983830517,Axis Midcap Fund - Regular - Growth,Axis Mutual Fund,Equity
119094,2025-09,170.81914090909092,166.6976,174.5052,0.14674836824959459,Axis Midcap Fund - Regular - Growth,Axis Mutual Fund,Equity
119094,2025-10,188.0544,171.9458,200.9669,0.6110234628667164,Axis Midcap Fund - Regular - Growth,Axis Mutual Fund,Equity
119094,2025-11,198.223635,191.0784,207.2055,0.21658737526672525,Axis Midcap Fund - Regular - Growth,Axis Mutual Fund,Equity
119094,2025-12,201.5593695652174,189.4566,211.7678,-0.38212865405093366,Axis Midcap Fund - Regular - Growth,Axis Mutual Fund,Equity
119094,2026-01,190.50415454545455,185.1441,197.032,0.1857559697965507,Axis Midcap Fund - Regular - Growth,Axis Mutual Fund,Equity
119094,2026-02,202.960195,194.117,210.2634,0.18026332066872153,Axis Midcap Fund - Regular - Growth,Axis Mutual Fund,Equity
119094,2026-03,200.64283636363635,196.0668,206.0038,-0.045829719865579044,Axis Midcap Fund - Regular - Growth,Axis Mutual Fund,Equity
119094,2026-04,192.63324545454546,180.6053,203.0873,-0.34759029258277735,Axis Midcap Fund - Regular - Growth,Axis Mutual Fund,Equity
119094,2026-05,198.29921904761903,186.3092,203.8581,0.43572887398558524,Axis Midcap Fund - Regular - Growth,Axis Mutual Fund,Equity
119095,2022-01,52.81225714285714,49.1807,57.7946,-0.18227633252696113,Axis Small Cap Fund - Regular - Growth,Axis Mutual Fund,Equity
119095,2022-02,49.643989999999995,48.0021,51.3229,0.012820033244697604,Axis Small Cap Fund - Regular - Growth,Axis Mutual Fund,Equity
119095,2022-03,52.443726086956524,49.7343,54.8715,0.001366313014947522,Axis Small Cap Fund - Regular - Growth,Axis Mutual Fund,Equity
119095,2022-04,53.49699999999999,48.5687,59.1475,0.67337745142443,Axis Small Cap Fund - Regular - Growth,Axis Mutual Fund,Equity
119095,2022-05,58.18224545454545,57.0973,60.5214,0.22417191069346887,Axis Small Cap Fund - Regular - Growth,Axis Mutual Fund,Equity
119095,2022-06,65.75795,60.263,72.7091,0.8474640457807069,Axis Small Cap Fund - Regular - Growth,Axis Mutual Fund,Equity
119095,2022-07,75.75987142857143,72.4439,78.3261,0.13775666872666395,Axis Small Cap Fund - Regular - Growth,Axis Mutual Fund,Equity
119095,2022-08,71.11989565217391,67.5773,75.5364,-0.2519524717748426,Axis Small Cap Fund - Regular - Growth,Axis Mutual Fund,Equity
119095,2022-09,74.55836818181818,69.6874,77.6581,0.45143623283855094,Axis Small Cap Fund - Regular - Growth,Axis Mutual Fund,Equity
119095,2022-10,77.26215714285715,75.6955,79.2134,-0.0340785071558399,Axis Small Cap Fund - Regular - Growth,Axis Mutual Fund,Equity
119095,2022-11,74.16185,71.464,78.0568,-0.21520805669286658,Axis Small Cap Fund - Regular - Growth,Axis Mutual Fund,Equity
119095,2022-12,74.74401363636365,72.9002,77.7554,0.2672860208758958,Axis Small Cap Fund - Regular - Growth,Axis Mutual Fund,Equity
119095,2023-01,78.02387727272728,76.0091,80.4746,0.12098693484293405,Axis Small Cap Fund - Regular - Growth,Axis Mutual Fund,Equity
119095,2023-02,79.509925,77.9319,81.8646,-0.01726828288155178,Axis Small Cap Fund - Regular - Growth,Axis Mutual Fund,Equity
119095,2023-03,85.31320434782609,79.6685,87.6152,0.2740647718495234,Axis Small Cap Fund - Regular - Growth,Axis Mutual Fund,Equity
119095,2023-04,80.271565,76.9111,83.7267,-0.26378551883179,Axis Small Cap Fund - Regular - Growth,Axis Mutual Fund,Equity
119095,2023-05,81.80369565217391,79.4608,85.1206,0.040275713617832165,Axis Small Cap Fund - Regular - Growth,Axis Mutual Fund,Equity
119095,2023-06,80.69449090909092,78.3651,83.2353,-0.027891881521541206,Axis Small Cap Fund - Regular - Growth,Axis Mutual Fund,Equity
119095,2023-07,77.81368571428571,75.3611,80.2365,0.09214045706409221,Axis Small Cap Fund - Regular - Growth,Axis Mutual Fund,Equity
119095,2023-08,85.98150434782609,80.228,94.1565,0.7083419243152111,Axis Small Cap Fund - Regular - Growth,Axis Mutual Fund,Equity
119095,2023-09,91.73568571428571,88.7063,93.9542,-0.10618969691043458,Axis Small Cap Fund - Regular - Growth,Axis Mutual Fund,Equity
119095,2023-10,94.38159999999999,92.4788,96.4315,0.13883220908491137,Axis Small Cap Fund - Regular - Growth,Axis Mutual Fund,Equity
119095,2023-11,90.08569545454544,85.5133,93.2333,-0.4437537788879473,Axis Small Cap Fund - Regular - Growth,Axis Mutual Fund,Equity
119095,2023-12,78.79923333333333,74.2187,85.3201,-0.5744602788752857,Axis Small Cap Fund - Regular - Growth,Axis Mutual Fund,Equity
119095,2024-01,73.94949130434783,70.3084,77.2628,-0.29614036699513696,Axis Small Cap Fund - Regular - Growth,Axis Mutual Fund,Equity
119095,2024-02,71.5794619047619,68.7189,74.7786,0.28606974377223837,Axis Small Cap Fund - Regular - Growth,Axis Mutual Fund,Equity
119095,2024-03,75.30065714285713,71.5931,80.9824,0.24616158476675803,Axis Small Cap Fund - Regular - Growth,Axis Mutual Fund,Equity
119095,2024-04,76.67014545454546,74.9835,79.1114,-0.11971819850488376,Axis Small Cap Fund - Regular - Growth,Axis Mutual Fund,Equity
119095,2024-05,75.09498260869566,71.17,77.989,-0.28441756492949943,Axis Small Cap Fund - Regular - Growth,Axis Mutual Fund,Equity
119095,2024-06,70.95087,69.4473,72.3142,0.08759112502183472,Axis Small Cap Fund - Regular - Growth,Axis Mutual Fund,Equity
119095,2024-07,73.01450434782609,70.9185,75.4216,0.04503034094010415,Axis Small Cap Fund - Regular - Growth,Axis Mutual Fund,Equity
119095,2024-08,73.24026818181818,71.8125,75.0799,0.1260606828994512,Axis Small Cap Fund - Regular - Growth,Axis Mutual Fund,Equity
119095,2024-09,74.60403333333333,72.8644,77.0702,0.15037520831744897,Axis Small Cap Fund - Regular - Growth,Axis Mutual Fund,Equity
119095,2024-10,78.50997391304348,73.5152,84.1202,0.39211131179433223,Axis Small Cap Fund - Regular - Growth,Axis Mutual Fund,Equity
119095,2024-11,80.88441428571429,75.4933,84.981,-0.4902549334101624,Axis Small Cap Fund - Regular - Growth,Axis Mutual Fund,Equity
119095,2024-12,75.38243636363637,72.9025,78.4001,0.17903040657539931,Axis Small Cap Fund - Regular - Growth,Axis Mutual Fund,Equity
119095,2025-01,78.79765652173913,75.8997,81.8619,0.0035696751448182555,Axis Small Cap Fund - Regular - Growth,Axis Mutual Fund,Equity
119095,2025-02,79.640985,76.6357,84.8991,0.38206357058939655,Axis Small Cap Fund - Regular - Growth,Axis Mutual Fund,Equity
119095,2025-03,90.58059523809524,85.1079,93.8922,0.40697963489469646,Axis Small Cap Fund - Regular - Growth,Axis Mutual Fund,Equity
119095,2025-04,94.25027727272727,89.5566,101.7355,0.4988214500574441,Axis Small Cap Fund - Regular - Growth,Axis Mutual Fund,Equity
119095,2025-05,102.70706363636364,98.1286,106.8214,-0.04603247600371662,Axis Small Cap Fund - Regular - Growth,Axis Mutual Fund,Equity
119095,2025-06,97.34700952380952,91.7152,102.8488,-0.42356175895820564,Axis Small Cap Fund - Regular - Growth,Axis Mutual Fund,Equity
119095,2025-07,86.64516521739131,81.4984,92.1628,-0.31420844512702545,Axis Small Cap Fund - Regular - Growth,Axis Mutual Fund,Equity
119095,2025-08,85.13485238095238,82.0672,88.4886,-0.03399110332852816,Axis Small Cap Fund - Regular - Growth,Axis Mutual Fund,Equity
119095,2025-09,73.74887727272727,69.6517,82.418,-0.7118691294417243,Axis Small Cap Fund - Regular - Growth,Axis Mutual Fund,Equity
119095,2025-10,72.54565652173913,69.9245,75.6312,0.2472577018646502,Axis Small Cap Fund - Regular - Growth,Axis Mutual Fund,Equity
119095,2025-11,72.922335,69.399,74.561,-0.21660534956428834,Axis Small Cap Fund - Regular - Growth,Axis Mutual Fund,Equity
119095,2025-12,68.86948260869565,62.8107,71.6017,-0.5942942208518766,Axis Small Cap Fund - Regular - Growth,Axis Mutual Fund,Equity
119095,2026-01,66.94487727272727,62.3412,70.9486,0.14678314027436265,Axis Small Cap Fund - Regular - Growth,Axis Mutual Fund,Equity
119095,2026-02,66.470695,63.7278,69.5446,0.37675585463129047,Axis Small Cap Fund - Regular - Growth,Axis Mutual Fund,Equity
119095,2026-03,68.02626818181818,65.725,71.8837,-0.21624569616520659,Axis Small Cap Fund - Regular - Growth,Axis Mutual Fund,Equity
119095,2026-04,63.91746818181819,56.232,68.5541,-0.7200747872689504,Axis Small Cap Fund - Regular - Growth,Axis Mutual Fund,Equity
119095,2026-05,54.56968095238095,51.6185,56.8656,0.0045807742160575045,Axis Small Cap Fund - Regular - Growth,Axis Mutual Fund,Equity
119120,2022-01,42.42727619047619,42.1391,42.5956,0.016187424472846053,SBI Magnum Gilt Fund - Regular Plan - Growth,SBI Mutual Fund,Debt
119120,2022-02,42.449775,41.7962,42.7405,-0.04442546473871545,SBI Magnum Gilt Fund - Regular Plan - Growth,SBI Mutual Fund,Debt
119120,2022-03,42.250699999999995,41.9077,42.5445,0.05654759507547733,SBI Magnum Gilt Fund - Regular Plan - Growth,SBI Mutual Fund,Debt
119120,2022-04,42.659438095238094,42.4673,42.9559,0.03973263698465418,SBI Magnum Gilt Fund - Regular Plan - Growth,SBI Mutual Fund,Debt
119120,2022-05,42.79003636363637,42.5305,43.1,0.03272029594536995,SBI Magnum Gilt Fund - Regular Plan - Growth,SBI Mutual Fund,Debt
119120,2022-06,43.61712272727272,43.0597,44.0885,0.08556907064965578,SBI Magnum Gilt Fund - Regular Plan - Growth,SBI Mutual Fund,Debt
119120,2022-07,43.95400476190476,43.7155,44.245,0.017586868587235047,SBI Magnum Gilt Fund - Regular Plan - Growth,SBI Mutual Fund,Debt
119120,2022-08,44.17952608695652,43.9943,44.3327,0.0243002698968887,SBI Magnum Gilt Fund - Regular Plan - Growth,SBI Mutual Fund,Debt
119120,2022-09,43.97981363636364,43.7153,44.3466,-0.052324008834423126,SBI Magnum Gilt Fund - Regular Plan - Growth,SBI Mutual Fund,Debt
119120,2022-10,43.330157142857146,43.0508,43.7483,-0.06554394670633466,SBI Magnum Gilt Fund - Regular Plan - Growth,SBI Mutual Fund,Debt
119120,2022-11,43.38045454545455,43.2507,43.5851,0.010107090503583006,SBI Magnum Gilt Fund - Regular Plan - Growth,SBI Mutual Fund,Debt
119120,2022-12,43.575768181818184,43.1127,44.1696,0.09041282596911263,SBI Magnum Gilt Fund - Regular Plan - Growth,SBI Mutual Fund,Debt
119120,2023-01,43.94716363636363,43.6773,44.247,0.00866487820362561,SBI Magnum Gilt Fund - Regular Plan - Growth,SBI Mutual Fund,Debt
119120,2023-02,44.195325000000004,43.8783,44.5142,-0.03759496835505083,SBI Magnum Gilt Fund - Regular Plan - Growth,SBI Mutual Fund,Debt
119120,2023-03,44.12057391304348,43.7444,44.927,0.09948702913877257,SBI Magnum Gilt Fund - Regular Plan - Growth,SBI Mutual Fund,Debt
119120,2023-04,45.017495,44.6509,45.39,0.051604207405789304,SBI Magnum Gilt Fund - Regular Plan - Growth,SBI Mutual Fund,Debt
119120,2023-05,45.64494782608696,45.2796,45.8754,0.03585290752290657,SBI Magnum Gilt Fund - Regular Plan - Growth,SBI Mutual Fund,Debt
119120,2023-06,45.74310454545454,45.3739,46.1442,0.038106612919829905,SBI Magnum Gilt Fund - Regular Plan - Growth,SBI Mutual Fund,Debt
119120,2023-07,46.26777142857143,45.9139,46.6096,0.038935117609576304,SBI Magnum Gilt Fund - Regular Plan - Growth,SBI Mutual Fund,Debt
119120,2023-08,46.61706956521739,46.3604,46.8424,0.030499040531485177,SBI Magnum Gilt Fund - Regular Plan - Growth,SBI Mutual Fund,Debt
119120,2023-09,47.61271904761905,46.9404,47.8871,0.09033887869376787,SBI Magnum Gilt Fund - Regular Plan - Growth,SBI Mutual Fund,Debt
119120,2023-10,47.79355909090909,47.614,48.0074,0.012210993782981537,SBI Magnum Gilt Fund - Regular Plan - Growth,SBI Mutual Fund,Debt
119120,2023-11,48.295,48.0005,48.6178,0.0343294807898111,SBI Magnum Gilt Fund - Regular Plan - Growth,SBI Mutual Fund,Debt
119120,2023-12,48.56590952380952,48.2428,48.8646,0.05128733394238048,SBI Magnum Gilt Fund - Regular Plan - Growth,SBI Mutual Fund,Debt
119120,2024-01,48.71598695652174,48.5273,48.9708,0.020702157263155118,SBI Magnum Gilt Fund - Regular Plan - Growth,SBI Mutual Fund,Debt
119120,2024-02,49.39035714285714,48.9345,49.7982,0.05000467679716889,SBI Magnum Gilt Fund - Regular Plan - Growth,SBI Mutual Fund,Debt
119120,2024-03,49.39958571428571,49.188,49.7334,-0.008209189254974941,SBI Magnum Gilt Fund - Regular Plan - Growth,SBI Mutual Fund,Debt
119120,2024-04,49.23575,49.0196,49.8249,0.03963168067846821,SBI Magnum Gilt Fund - Regular Plan - Growth,SBI Mutual Fund,Debt
119120,2024-05,49.818426086956514,49.5825,50.251,0.03731565371074069,SBI Magnum Gilt Fund - Regular Plan - Growth,SBI Mutual Fund,Debt
119120,2024-06,50.839555000000004,50.4355,51.201,0.08816015667911124,SBI Magnum Gilt Fund - Regular Plan - Growth,SBI Mutual Fund,Debt
119120,2024-07,50.77150434782609,50.2267,51.3585,0.006935627046433326,SBI Magnum Gilt Fund - Regular Plan - Growth,SBI Mutual Fund,Debt
119120,2024-08,51.43378181818182,50.9489,51.9928,0.05997687591656096,SBI Magnum Gilt Fund - Regular Plan - Growth,SBI Mutual Fund,Debt
119120,2024-09,52.2342,51.8872,52.5004,0.02952715328268822,SBI Magnum Gilt Fund - Regular Plan - Growth,SBI Mutual Fund,Debt
119120,2024-10,52.11381304347826,51.9384,52.3178,-0.022995048538087603,SBI Magnum Gilt Fund - Regular Plan - Growth,SBI Mutual Fund,Debt
119120,2024-11,51.69097619047619,51.317,52.0543,-0.05693224290790438,SBI Magnum Gilt Fund - Regular Plan - Growth,SBI Mutual Fund,Debt
119120,2024-12,51.25127727272727,51.0184,51.5519,-0.011370171529861965,SBI Magnum Gilt Fund - Regular Plan - Growth,SBI Mutual Fund,Debt
119120,2025-01,51.09579130434782,50.8187,51.6458,-0.029619258530196337,SBI Magnum Gilt Fund - Regular Plan - Growth,SBI Mutual Fund,Debt
119120,2025-02,50.715025,50.3487,50.9751,-0.0350903342050296,SBI Magnum Gilt Fund - Regular Plan - Growth,SBI Mutual Fund,Debt
119120,2025-03,50.44530952380952,50.2881,50.7227,-0.008416352541144407,SBI Magnum Gilt Fund - Regular Plan - Growth,SBI Mutual Fund,Debt
119120,2025-04,50.555150000000005,50.2278,50.8267,0.02139998771899571,SBI Magnum Gilt Fund - Regular Plan - Growth,SBI Mutual Fund,Debt
119120,2025-05,51.11935909090909,50.5916,51.5256,0.06389247425291295,SBI Magnum Gilt Fund - Regular Plan - Growth,SBI Mutual Fund,Debt
119120,2025-06,51.47910952380953,51.1757,51.7624,-0.011159780842165266,SBI Magnum Gilt Fund - Regular Plan - Growth,SBI Mutual Fund,Debt
119120,2025-07,51.33316086956522,51.0345,51.632,0.02733936438236981,SBI Magnum Gilt Fund - Regular Plan - Growth,SBI Mutual Fund,Debt
119120,2025-08,52.19056666666667,51.5218,52.6512,0.10314206754606978,SBI Magnum Gilt Fund - Regular Plan - Growth,SBI Mutual Fund,Debt
119120,2025-09,52.79477272727272,52.474,53.162,-0.012614600812298588,SBI Magnum Gilt Fund - Regular Plan - Growth,SBI Mutual Fund,Debt
119120,2025-10,52.98204347826087,52.3803,53.2884,0.05652312519608984,SBI Magnum Gilt Fund - Regular Plan - Growth,SBI Mutual Fund,Debt
119120,2025-11,53.479870000000005,53.1628,53.9321,0.03671872570220225,SBI Magnum Gilt Fund - Regular Plan - Growth,SBI Mutual Fund,Debt
119120,2025-12,53.74769565217391,53.211,54.1887,0.015268014740575115,SBI Magnum Gilt Fund - Regular Plan - Growth,SBI Mutual Fund,Debt
119120,2026-01,54.35095909090909,53.7884,54.7293,0.04815777162202657,SBI Magnum Gilt Fund - Regular Plan - Growth,SBI Mutual Fund,Debt
119120,2026-02,54.773064999999995,54.1463,55.2211,0.04888153423815821,SBI Magnum Gilt Fund - Regular Plan - Growth,SBI Mutual Fund,Debt
119120,2026-03,54.614095454545456,54.3323,54.854,-0.03085305341612847,SBI Magnum Gilt Fund - Regular Plan - Growth,SBI Mutual Fund,Debt
119120,2026-04,54.71623181818182,54.308,55.0061,-0.011325049629277861,SBI Magnum Gilt Fund - Regular Plan - Growth,SBI Mutual Fund,Debt
119120,2026-05,54.46268571428571,54.2038,54.7523,-0.011962061922777241,SBI Magnum Gilt Fund - Regular Plan - Growth,SBI Mutual Fund,Debt
119551,2022-01,55.08843333333333,53.0538,56.5926,-0.052906040462114556,SBI Bluechip Fund - Regular Plan - Growth,SBI Mutual Fund,Equity
119551,2022-02,52.481785,51.0323,53.7522,-0.2117535849518637,SBI Bluechip Fund - Regular Plan - Growth,SBI Mutual Fund,Equity
119551,2022-03,50.83593043478261,50.0295,51.6126,-0.10848315134417952,SBI Bluechip Fund - Regular Plan - Growth,SBI Mutual Fund,Equity
119551,2022-04,52.03634285714286,50.5972,53.3273,0.16643991365832594,SBI Bluechip Fund - Regular Plan - Growth,SBI Mutual Fund,Equity
119551,2022-05,51.88829545454546,50.7075,52.9653,-0.011087408670974342,SBI Bluechip Fund - Regular Plan - Growth,SBI Mutual Fund,Equity
119551,2022-06,52.68143181818182,51.1928,54.3735,0.17392976464547114,SBI Bluechip Fund - Regular Plan - Growth,SBI Mutual Fund,Equity
119551,2022-07,52.69369047619048,52.0093,53.5518,-0.11514460688308434,SBI Bluechip Fund - Regular Plan - Growth,SBI Mutual Fund,Equity
119551,2022-08,53.77336086956522,52.4768,55.6967,0.1695866614931987,SBI Bluechip Fund - Regular Plan - Growth,SBI Mutual Fund,Equity
119551,2022-09,56.54576818181818,54.6797,57.6821,0.16043279914591027,SBI Bluechip Fund - Regular Plan - Growth,SBI Mutual Fund,Equity
119551,2022-10,57.883652380952384,55.8386,61.4337,0.41221086933734147,SBI Bluechip Fund - Regular Plan - Growth,SBI Mutual Fund,Equity
119551,2022-11,60.850159090909095,60.1517,62.0841,-0.044185844327026075,SBI Bluechip Fund - Regular Plan - Growth,SBI Mutual Fund,Equity
119551,2022-12,61.34967727272727,60.0187,62.9784,0.16563627294752348,SBI Bluechip Fund - Regular Plan - Growth,SBI Mutual Fund,Equity
119551,2023-01,60.26967272727273,59.4887,62.4979,-0.19001204256046525,SBI Bluechip Fund - Regular Plan - Growth,SBI Mutual Fund,Equity
119551,2023-02,61.13463,60.3269,62.2579,0.10399596301946312,SBI Bluechip Fund - Regular Plan - Growth,SBI Mutual Fund,Equity
119551,2023-03,64.58901304347826,62.0024,67.3286,0.35553989637592887,SBI Bluechip Fund - Regular Plan - Growth,SBI Mutual Fund,Equity
119551,2023-04,67.35902999999999,66.0912,68.1526,-0.004174673353804492,SBI Bluechip Fund - Regular Plan - Growth,SBI Mutual Fund,Equity
119551,2023-05,66.20986086956522,64.7977,67.4652,0.05251293273919334,SBI Bluechip Fund - Regular Plan - Growth,SBI Mutual Fund,Equity
119551,2023-06,69.62445454545455,67.1338,72.099,0.2157359619279325,SBI Bluechip Fund - Regular Plan - Growth,SBI Mutual Fund,Equity
119551,2023-07,70.82591904761905,69.7092,72.031,0.044569444700319545,SBI Bluechip Fund - Regular Plan - Growth,SBI Mutual Fund,Equity
119551,2023-08,73.7556304347826,69.6996,77.51,0.20724846676979286,SBI Bluechip Fund - Regular Plan - Growth,SBI Mutual Fund,Equity
119551,2023-09,74.03289523809524,72.3387,76.9243,-0.13943840194945697,SBI Bluechip Fund - Regular Plan - Growth,SBI Mutual Fund,Equity
119551,2023-10,71.21140454545456,69.1557,72.2135,-0.06454008737667287,SBI Bluechip Fund - Regular Plan - Growth,SBI Mutual Fund,Equity
119551,2023-11,72.88896818181819,70.5935,74.3805,0.11028024792199503,SBI Bluechip Fund - Regular Plan - Growth,SBI Mutual Fund,Equity
119551,2023-12,72.19444285714286,70.9259,74.0938,-0.07729770465871601,SBI Bluechip Fund - Regular Plan - Growth,SBI Mutual Fund,Equity
119551,2024-01,68.3419956521739,66.2782,71.2003,-0.3091462073045091,SBI Bluechip Fund - Regular Plan - Growth,SBI Mutual Fund,Equity
119551,2024-02,66.86808095238095,65.8739,68.6642,0.12024538996152372,SBI Bluechip Fund - Regular Plan - Growth,SBI Mutual Fund,Equity
119551,2024-03,67.37110476190476,66.0554,69.2677,0.041233321864421676,SBI Bluechip Fund - Regular Plan - Growth,SBI Mutual Fund,Equity
119551,2024-04,69.21382272727273,68.364,71.5683,0.13864167878410466,SBI Bluechip Fund - Regular Plan - Growth,SBI Mutual Fund,Equity
119551,2024-05,72.87975217391305,69.3185,76.2468,0.3003578491742183,SBI Bluechip Fund - Regular Plan - Growth,SBI Mutual Fund,Equity
119551,2024-06,73.652195,70.9862,76.0922,-0.3111113738264154,SBI Bluechip Fund - Regular Plan - Growth,SBI Mutual Fund,Equity
119551,2024-07,73.65165217391305,72.5285,74.6469,0.07568311162454036,SBI Bluechip Fund - Regular Plan - Growth,SBI Mutual Fund,Equity
119551,2024-08,72.6288090909091,70.4618,73.9816,0.08716957865680888,SBI Bluechip Fund - Regular Plan - Growth,SBI Mutual Fund,Equity
119551,2024-09,73.04327619047619,71.53,74.2694,-0.024384057453486457,SBI Bluechip Fund - Regular Plan - Growth,SBI Mutual Fund,Equity
119551,2024-10,72.5913304347826,70.8942,73.8935,0.023603709992026566,SBI Bluechip Fund - Regular Plan - Growth,SBI Mutual Fund,Equity
119551,2024-11,71.38886666666666,68.9013,74.596,-0.1747333884145576,SBI Bluechip Fund - Regular Plan - Growth,SBI Mutual Fund,Equity
119551,2024-12,74.38992272727272,70.8416,76.7914,0.2399769716743045,SBI Bluechip Fund - Regular Plan - Growth,SBI Mutual Fund,Equity
119551,2025-01,77.0333,75.2441,78.0205,0.1349124207707502,SBI Bluechip Fund - Regular Plan - Growth,SBI Mutual Fund,Equity
119551,2025-02,78.764415,76.9921,82.1327,0.27777192833557285,SBI Bluechip Fund - Regular Plan - Growth,SBI Mutual Fund,Equity
119551,2025-03,81.96958571428571,80.4183,83.933,0.047802754818011266,SBI Bluechip Fund - Regular Plan - Growth,SBI Mutual Fund,Equity
119551,2025-04,84.12158636363637,82.5286,85.8186,0.18258390699534024,SBI Bluechip Fund - Regular Plan - Growth,SBI Mutual Fund,Equity
119551,2025-05,88.93758636363636,85.6583,94.0346,0.42634142288864607,SBI Bluechip Fund - Regular Plan - Growth,SBI Mutual Fund,Equity
119551,2025-06,99.58126190476192,94.7664,103.4762,0.44861069125932124,SBI Bluechip Fund - Regular Plan - Growth,SBI Mutual Fund,Equity
119551,2025-07,106.16395217391305,103.502,108.6639,0.09090262382636732,SBI Bluechip Fund - Regular Plan - Growth,SBI Mutual Fund,Equity
119551,2025-08,104.99125238095237,103.652,107.1491,-0.011495312975805598,SBI Bluechip Fund - Regular Plan - Growth,SBI Mutual Fund,Equity
119551,2025-09,110.53742272727273,106.1071,113.7528,0.2017293807449997,SBI Bluechip Fund - Regular Plan - Growth,SBI Mutual Fund,Equity
119551,2025-10,107.11904782608696,105.0029,108.7359,-0.08345235686598197,SBI Bluechip Fund - Regular Plan - Growth,SBI Mutual Fund,Equity
119551,2025-11,113.71203,108.8996,118.0892,0.43771712833704013,SBI Bluechip Fund - Regular Plan - Growth,SBI Mutual Fund,Equity
119551,2025-12,121.15515652173913,117.3299,124.0939,0.25056859017563476,SBI Bluechip Fund - Regular Plan - Growth,SBI Mutual Fund,Equity
119551,2026-01,126.86752727272727,123.9909,129.7489,0.06385098455737719,SBI Bluechip Fund - Regular Plan - Growth,SBI Mutual Fund,Equity
119551,2026-02,124.62916499999999,122.5845,127.2098,0.06206240091269962,SBI Bluechip Fund - Regular Plan - Growth,SBI Mutual Fund,Equity
119551,2026-03,129.99092272727273,127.7591,132.0546,0.1617515574533419,SBI Bluechip Fund - Regular Plan - Growth,SBI Mutual Fund,Equity
119551,2026-04,137.73445454545455,129.8943,144.1112,0.35644744205768153,SBI Bluechip Fund - Regular Plan - Growth,SBI Mutual Fund,Equity
119551,2026-05,148.4039,142.7943,151.4373,0.23227967958554424,SBI Bluechip Fund - Regular Plan - Growth,SBI Mutual Fund,Equity
119552,2022-01,58.73936666666666,56.4224,61.7559,0.28660641199611425,SBI Bluechip Fund - Direct Plan - Growth,SBI Mutual Fund,Equity
119552,2022-02,60.493105,59.4901,62.0301,-0.17682514473398356,SBI Bluechip Fund - Direct Plan - Growth,SBI Mutual Fund,Equity
119552,2022-03,59.02151304347826,58.0335,59.935,-0.05964143220096791,SBI Bluechip Fund - Direct Plan - Growth,SBI Mutual Fund,Equity
119552,2022-04,60.133766666666666,58.6039,62.2064,0.2476150574016564,SBI Bluechip Fund - Direct Plan - Growth,SBI Mutual Fund,Equity
119552,2022-05,62.89407272727272,61.2962,64.7293,0.05963136398524991,SBI Bluechip Fund - Direct Plan - Growth,SBI Mutual Fund,Equity
119552,2022-06,62.78217727272727,61.251,64.7917,0.1630193972316815,SBI Bluechip Fund - Direct Plan - Growth,SBI Mutual Fund,Equity
119552,2022-07,64.33808571428571,62.1492,65.7294,0.036695965928810824,SBI Bluechip Fund - Direct Plan - Growth,SBI Mutual Fund,Equity
119552,2022-08,65.97607391304348,64.8835,67.7233,0.06879246583963317,SBI Bluechip Fund - Direct Plan - Growth,SBI Mutual Fund,Equity
119552,2022-09,66.39413636363636,64.3114,68.3954,0.1478405696191691,SBI Bluechip Fund - Direct Plan - Growth,SBI Mutual Fund,Equity
119552,2022-10,64.15559047619047,62.4291,67.5404,-0.37308016228431,SBI Bluechip Fund - Direct Plan - Growth,SBI Mutual Fund,Equity
119552,2022-11,63.19568636363636,61.3776,66.6346,0.24749708102757362,SBI Bluechip Fund - Direct Plan - Growth,SBI Mutual Fund,Equity
119552,2022-12,67.07088636363636,66.0312,68.2041,0.07086630684158117,SBI Bluechip Fund - Direct Plan - Growth,SBI Mutual Fund,Equity
119552,2023-01,71.39076818181819,68.4623,73.5173,0.3016032937178302,SBI Bluechip Fund - Direct Plan - Growth,SBI Mutual Fund,Equity
119552,2023-02,74.59108499999999,72.3808,77.4385,0.35319129611794564,SBI Bluechip Fund - Direct Plan - Growth,SBI Mutual Fund,Equity
119552,2023-03,80.2148652173913,77.6432,81.6118,0.18312353399938916,SBI Bluechip Fund - Direct Plan - Growth,SBI Mutual Fund,Equity
119552,2023-04,81.45883,79.6845,83.1171,0.15274735508216286,SBI Bluechip Fund - Direct Plan - Growth,SBI Mutual Fund,Equity
119552,2023-05,88.38004347826087,84.6444,90.5962,0.3209998967557393,SBI Bluechip Fund - Direct Plan - Growth,SBI Mutual Fund,Equity
119552,2023-06,91.45725454545455,87.5988,94.4016,-0.08673182330455784,SBI Bluechip Fund - Direct Plan - Growth,SBI Mutual Fund,Equity
119552,2023-07,90.2602,87.6227,91.5145,0.20380621857546993,SBI Bluechip Fund - Direct Plan - Growth,SBI Mutual Fund,Equity
119552,2023-08,88.8722695652174,87.1875,90.8196,-0.17601385395136177,SBI Bluechip Fund - Direct Plan - Growth,SBI Mutual Fund,Equity
119552,2023-09,86.30693333333333,83.7916,88.8195,-0.1367539730102079,SBI Bluechip Fund - Direct Plan - Growth,SBI Mutual Fund,Equity
119552,2023-10,86.88104545454546,84.4333,89.8887,0.2381552559620647,SBI Bluechip Fund - Direct Plan - Growth,SBI Mutual Fund,Equity
119552,2023-11,92.05051363636363,90.4685,94.7821,0.25975363057045386,SBI Bluechip Fund - Direct Plan - Growth,SBI Mutual Fund,Equity
119552,2023-12,98.82593333333332,97.0217,100.8336,0.25006723587767965,SBI Bluechip Fund - Direct Plan - Growth,SBI Mutual Fund,Equity
119552,2024-01,101.82421739130434,98.3309,103.9144,0.17801528315895374,SBI Bluechip Fund - Direct Plan - Growth,SBI Mutual Fund,Equity
119552,2024-02,106.26130952380953,102.7412,109.6702,0.20741066447892795,SBI Bluechip Fund - Direct Plan - Growth,SBI Mutual Fund,Equity
119552,2024-03,110.75674761904763,107.963,113.8781,0.23455716918428596,SBI Bluechip Fund - Direct Plan - Growth,SBI Mutual Fund,Equity
119552,2024-04,113.54087272727271,110.3561,116.6605,0.020144335559077183,SBI Bluechip Fund - Direct Plan - Growth,SBI Mutual Fund,Equity
119552,2024-05,120.49526521739129,115.2881,123.6295,0.2011271118696782,SBI Bluechip Fund - Direct Plan - Growth,SBI Mutual Fund,Equity
119552,2024-06,116.14061999999998,114.5451,118.1494,-0.15777902861095372,SBI Bluechip Fund - Direct Plan - Growth,SBI Mutual Fund,Equity
119552,2024-07,113.1639304347826,110.132,117.7967,-0.21302354867455617,SBI Bluechip Fund - Direct Plan - Growth,SBI Mutual Fund,Equity
119552,2024-08,111.13233181818181,109.2653,113.1111,-0.004619767744024058,SBI Bluechip Fund - Direct Plan - Growth,SBI Mutual Fund,Equity
119552,2024-09,112.77834761904762,109.0369,116.1201,0.18220908499167493,SBI Bluechip Fund - Direct Plan - Growth,SBI Mutual Fund,Equity
119552,2024-10,115.35404782608694,113.595,117.3227,0.031988700495749506,SBI Bluechip Fund - Direct Plan - Growth,SBI Mutual Fund,Equity
119552,2024-11,116.56759523809524,114.6537,119.4395,0.038411270783692934,SBI Bluechip Fund - Direct Plan - Growth,SBI Mutual Fund,Equity
119552,2024-12,117.10767727272727,113.8063,121.3743,0.030570756140735355,SBI Bluechip Fund - Direct Plan - Growth,SBI Mutual Fund,Equity
119552,2025-01,119.38953478260869,115.9399,121.7015,0.1058014496073905,SBI Bluechip Fund - Direct Plan - Growth,SBI Mutual Fund,Equity
119552,2025-02,124.45598500000001,118.5049,127.687,0.2679126842878199,SBI Bluechip Fund - Direct Plan - Growth,SBI Mutual Fund,Equity
119552,2025-03,128.24214761904764,124.2793,134.5389,0.3303875255058803,SBI Bluechip Fund - Direct Plan - Growth,SBI Mutual Fund,Equity
119552,2025-04,129.35347727272728,124.2062,134.5769,-0.36032349730594365,SBI Bluechip Fund - Direct Plan - Growth,SBI Mutual Fund,Equity
119552,2025-05,125.70559545454545,121.1502,130.7781,0.1551512539382763,SBI Bluechip Fund - Direct Plan - Growth,SBI Mutual Fund,Equity
119552,2025-06,126.52230952380953,123.8871,128.4706,-0.06528557351728403,SBI Bluechip Fund - Direct Plan - Growth,SBI Mutual Fund,Equity
119552,2025-07,128.2721304347826,123.9792,131.3558,0.026717583240346142,SBI Bluechip Fund - Direct Plan - Growth,SBI Mutual Fund,Equity
119552,2025-08,126.33375238095239,124.3542,128.4391,-0.06933331593090893,SBI Bluechip Fund - Direct Plan - Growth,SBI Mutual Fund,Equity
119552,2025-09,125.86782727272727,122.1599,127.4781,-0.0029217868349993544,SBI Bluechip Fund - Direct Plan - Growth,SBI Mutual Fund,Equity
119552,2025-10,129.0592391304348,126.4192,131.496,0.05509485693090014,SBI Bluechip Fund - Direct Plan - Growth,SBI Mutual Fund,Equity
119552,2025-11,128.193155,126.2179,131.4468,0.07719084924925458,SBI Bluechip Fund - Direct Plan - Growth,SBI Mutual Fund,Equity
119552,2025-12,130.77927391304348,128.7414,133.2094,0.13096567397728248,SBI Bluechip Fund - Direct Plan - Growth,SBI Mutual Fund,Equity
119552,2026-01,132.53952727272727,130.3323,134.5664,0.04838318273668974,SBI Bluechip Fund - Direct Plan - Growth,SBI Mutual Fund,Equity
119552,2026-02,135.65868500000002,133.5418,138.3707,0.03924428734407792,SBI Bluechip Fund - Direct Plan - Growth,SBI Mutual Fund,Equity
119552,2026-03,136.68338181818183,134.0984,139.1069,0.10824932388561194,SBI Bluechip Fund - Direct Plan - Growth,SBI Mutual Fund,Equity
119552,2026-04,135.54029545454546,132.6842,138.3804,-0.13521775377270898,SBI Bluechip Fund - Direct Plan - Growth,SBI Mutual Fund,Equity
119552,2026-05,134.7334619047619,131.3841,139.4982,0.15113461541370768,SBI Bluechip Fund - Direct Plan - Growth,SBI Mutual Fund,Equity
119598,2022-01,98.7248761904762,88.0925,106.5959,0.7413146176121294,SBI Small Cap Fund - Regular Plan - Growth,SBI Mutual Fund,Equity
119598,2022-02,109.42678000000001,105.2943,111.6747,0.367236918251756,SBI Small Cap Fund - Regular Plan - Growth,SBI Mutual Fund,Equity
119598,2022-03,111.26456521739131,105.6526,114.5062,-0.1486152775518875,SBI Small Cap Fund - Regular Plan - Growth,SBI Mutual Fund,Equity
119598,2022-04,106.99734761904763,103.9855,111.004,-0.062469252953383535,SBI Small Cap Fund - Regular Plan - Growth,SBI Mutual Fund,Equity
119598,2022-05,98.3538590909091,92.8563,106.4775,-0.4551864872306446,SBI Small Cap Fund - Regular Plan - Growth,SBI Mutual Fund,Equity
119598,2022-06,100.67642727272728,96.6456,104.8549,0.4282316540677556,SBI Small Cap Fund - Regular Plan - Growth,SBI Mutual Fund,Equity
119598,2022-07,104.80744761904762,101.8116,107.1446,-0.024994441524019903,SBI Small Cap Fund - Regular Plan - Growth,SBI Mutual Fund,Equity
119598,2022-08,106.38589130434784,100.4098,115.3417,0.40466015951944706,SBI Small Cap Fund - Regular Plan - Growth,SBI Mutual Fund,Equity
119598,2022-09,116.60914090909091,111.6666,121.2095,0.06756667464199202,SBI Small Cap Fund - Regular Plan - Growth,SBI Mutual Fund,Equity
119598,2022-10,120.33340952380952,116.1508,124.8051,0.33307172488143966,SBI Small Cap Fund - Regular Plan - Growth,SBI Mutual Fund,Equity
119598,2022-11,127.22839545454545,117.7454,133.979,0.368980883548173,SBI Small Cap Fund - Regular Plan - Growth,SBI Mutual Fund,Equity
119598,2022-12,130.40563181818183,126.5588,135.5535,-0.0768860799928464,SBI Small Cap Fund - Regular Plan - Growth,SBI Mutual Fund,Equity
119598,2023-01,128.36707272727273,123.3764,138.2315,0.2708924631000617,SBI Small Cap Fund - Regular Plan - Growth,SBI Mutual Fund,Equity
119598,2023-02,138.831945,134.2449,143.6313,-0.08150872826278299,SBI Small Cap Fund - Regular Plan - Growth,SBI Mutual Fund,Equity
119598,2023-03,132.3333652173913,125.1857,142.7697,0.23164772528495486,SBI Small Cap Fund - Regular Plan - Growth,SBI Mutual Fund,Equity
119598,2023-04,151.307875,140.9697,160.7984,0.4012025683444575,SBI Small Cap Fund - Regular Plan - Growth,SBI Mutual Fund,Equity
119598,2023-05,154.07597826086956,148.6688,159.4767,-0.07224991381312332,SBI Small Cap Fund - Regular Plan - Growth,SBI Mutual Fund,Equity
119598,2023-06,149.23201363636363,144.7074,155.3475,-0.03615904189977027,SBI Small Cap Fund - Regular Plan - Growth,SBI Mutual Fund,Equity
119598,2023-07,160.28490476190478,147.1786,176.5715,0.7308492717681784,SBI Small Cap Fund - Regular Plan - Growth,SBI Mutual Fund,Equity
119598,2023-08,184.91543043478262,172.2179,202.9479,0.6183525384949083,SBI Small Cap Fund - Regular Plan - Growth,SBI Mutual Fund,Equity
119598,2023-09,212.89239523809525,204.4328,220.6116,0.433348569933953,SBI Small Cap Fund - Regular Plan - Growth,SBI Mutual Fund,Equity
119598,2023-10,215.86755909090908,208.2327,221.5069,-0.2199067604007313,SBI Small Cap Fund - Regular Plan - Growth,SBI Mutual Fund,Equity
119598,2023-11,198.2851181818182,184.8626,212.4476,-0.5343472661166158,SBI Small Cap Fund - Regular Plan - Growth,SBI Mutual Fund,Equity
119598,2023-12,191.96430476190477,185.0739,202.4462,0.30750423681307043,SBI Small Cap Fund - Regular Plan - Growth,SBI Mutual Fund,Equity
119598,2024-01,205.95759565217392,194.5131,222.1568,0.5490998657858153,SBI Small Cap Fund - Regular Plan - Growth,SBI Mutual Fund,Equity
119598,2024-02,210.43259047619046,205.7007,219.2368,-0.24744352898487346,SBI Small Cap Fund - Regular Plan - Growth,SBI Mutual Fund,Equity
119598,2024-03,199.99320476190474,176.4193,212.1629,-0.8270689226833303,SBI Small Cap Fund - Regular Plan - Growth,SBI Mutual Fund,Equity
119598,2024-04,181.89637272727273,173.005,189.0742,0.21718886541994079,SBI Small Cap Fund - Regular Plan - Growth,SBI Mutual Fund,Equity
119598,2024-05,192.89384782608695,180.0317,208.9732,0.5563066902908285,SBI Small Cap Fund - Regular Plan - Growth,SBI Mutual Fund,Equity
119598,2024-06,211.75621999999998,197.7811,219.6394,-0.2609668636312934,SBI Small Cap Fund - Regular Plan - Growth,SBI Mutual Fund,Equity
119598,2024-07,209.8259608695652,196.5313,221.1786,-0.013950348344176465,SBI Small Cap Fund - Regular Plan - Growth,SBI Mutual Fund,Equity
119598,2024-08,214.59369999999998,202.9564,225.2452,0.558585766958281,SBI Small Cap Fund - Regular Plan - Growth,SBI Mutual Fund,Equity
119598,2024-09,214.96673809523807,207.4344,223.1018,-0.21805197695052106,SBI Small Cap Fund - Regular Plan - Growth,SBI Mutual Fund,Equity
119598,2024-10,195.10337826086956,186.3659,206.2289,-0.5265192853036317,SBI Small Cap Fund - Regular Plan - Growth,SBI Mutual Fund,Equity
119598,2024-11,186.5982285714286,181.2952,192.0819,-0.12124700526314652,SBI Small Cap Fund - Regular Plan - Growth,SBI Mutual Fund,Equity
119598,2024-12,189.21274545454546,176.0189,205.9189,0.5907202170879285,SBI Small Cap Fund - Regular Plan - Growth,SBI Mutual Fund,Equity
119598,2025-01,199.22387391304346,190.5533,213.3166,0.12049993928199228,SBI Small Cap Fund - Regular Plan - Growth,SBI Mutual Fund,Equity
119598,2025-02,203.691835,197.1734,212.4539,-0.17490914571035854,SBI Small Cap Fund - Regular Plan - Growth,SBI Mutual Fund,Equity
119598,2025-03,204.06317619047618,198.374,209.3043,0.02298411891852156,SBI Small Cap Fund - Regular Plan - Growth,SBI Mutual Fund,Equity
119598,2025-04,185.96207727272727,171.9627,201.8527,-0.7469915124180517,SBI Small Cap Fund - Regular Plan - Growth,SBI Mutual Fund,Equity
119598,2025-05,167.1196590909091,160.5863,174.2689,0.05672071863773873,SBI Small Cap Fund - Regular Plan - Growth,SBI Mutual Fund,Equity
119598,2025-06,173.17525714285716,167.5615,181.9838,0.14035539488540158,SBI Small Cap Fund - Regular Plan - Growth,SBI Mutual Fund,Equity
119598,2025-07,188.76046956521736,175.8204,195.4566,0.30602677908984804,SBI Small Cap Fund - Regular Plan - Growth,SBI Mutual Fund,Equity
119598,2025-08,196.97599523809524,187.596,206.4743,0.3794074226602828,SBI Small Cap Fund - Regular Plan - Growth,SBI Mutual Fund,Equity
119598,2025-09,215.6402909090909,202.3574,229.9035,0.49959051659183923,SBI Small Cap Fund - Regular Plan - Growth,SBI Mutual Fund,Equity
119598,2025-10,224.5374391304348,216.5664,233.3111,-0.16185466072035273,SBI Small Cap Fund - Regular Plan - Growth,SBI Mutual Fund,Equity
119598,2025-11,230.94806499999999,216.5868,247.6224,0.5908440014025973,SBI Small Cap Fund - Regular Plan - Growth,SBI Mutual Fund,Equity
119598,2025-12,248.7345043478261,239.6025,259.5001,0.13732918978450748,SBI Small Cap Fund - Regular Plan - Growth,SBI Mutual Fund,Equity
119598,2026-01,260.85751363636365,233.9493,272.2831,-0.3747955442059711,SBI Small Cap Fund - Regular Plan - Growth,SBI Mutual Fund,Equity
119598,2026-02,244.387955,236.8417,260.2234,0.5483238490095588,SBI Small Cap Fund - Regular Plan - Growth,SBI Mutual Fund,Equity
119598,2026-03,263.03371363636364,250.8404,278.5436,0.1996357268830321,SBI Small Cap Fund - Regular Plan - Growth,SBI Mutual Fund,Equity
119598,2026-04,278.0964818181818,270.7612,285.5057,0.24807231579408603,SBI Small Cap Fund - Regular Plan - Growth,SBI Mutual Fund,Equity
119598,2026-05,310.1830761904762,290.7545,322.0353,0.3912309203612904,SBI Small Cap Fund - Regular Plan - Growth,SBI Mutual Fund,Equity
119599,2022-01,95.86715714285714,89.6438,100.2736,0.049590197767709336,SBI Small Cap Fund - Direct Plan - Growth,SBI Mutual Fund,Equity
119599,2022-02,92.41153,88.2239,97.216,-0.46289068398138394,SBI Small Cap Fund - Direct Plan - Growth,SBI Mutual Fund,Equity
119599,2022-03,92.0168956521739,88.0046,95.0039,0.21604396786254476,SBI Small Cap Fund - Direct Plan - Growth,SBI Mutual Fund,Equity
119599,2022-04,91.26519523809523,87.3972,95.6096,0.08201509717653807,SBI Small Cap Fund - Direct Plan - Growth,SBI Mutual Fund,Equity
119599,2022-05,100.46426818181817,95.9289,105.2207,0.4648524470092654,SBI Small Cap Fund - Direct Plan - Growth,SBI Mutual Fund,Equity
119599,2022-06,103.78605454545455,97.5724,108.5596,0.017633610591503337,SBI Small Cap Fund - Direct Plan - Growth,SBI Mutual Fund,Equity
119599,2022-07,110.0114238095238,101.9281,116.5029,0.5667645438775113,SBI Small Cap Fund - Direct Plan - Growth,SBI Mutual Fund,Equity
119599,2022-08,117.29188260869564,113.5964,121.3374,0.0057488213420341435,SBI Small Cap Fund - Direct Plan - Growth,SBI Mutual Fund,Equity
119599,2022-09,116.50564545454546,114.191,119.8603,-0.0661060417412035,SBI Small Cap Fund - Direct Plan - Growth,SBI Mutual Fund,Equity
119599,2022-10,115.69657142857143,112.303,119.7029,0.14433323497240208,SBI Small Cap Fund - Direct Plan - Growth,SBI Mutual Fund,Equity
119599,2022-11,124.82880454545453,118.922,132.7118,0.5648636470747945,SBI Small Cap Fund - Direct Plan - Growth,SBI Mutual Fund,Equity
119599,2022-12,146.15830000000003,135.3172,153.5064,0.6704849453595441,SBI Small Cap Fund - Direct Plan - Growth,SBI Mutual Fund,Equity
119599,2023-01,155.03868636363634,143.2711,165.7647,0.029217726620104568,SBI Small Cap Fund - Direct Plan - Growth,SBI Mutual Fund,Equity
119599,2023-02,145.98022,139.7859,151.4311,-0.43091571580407273,SBI Small Cap Fund - Direct Plan - Growth,SBI Mutual Fund,Equity
119599,2023-03,143.62478695652175,137.0604,148.8472,0.012244054313812229,SBI Small Cap Fund - Direct Plan - Growth,SBI Mutual Fund,Equity
119599,2023-04,129.985725,125.2416,141.8406,-0.4084425970414979,SBI Small Cap Fund - Direct Plan - Growth,SBI Mutual Fund,Equity
119599,2023-05,118.19777391304348,109.1506,129.1657,-0.7290452162845614,SBI Small Cap Fund - Direct Plan - Growth,SBI Mutual Fund,Equity
119599,2023-06,107.88637727272727,106.0051,110.9493,-0.06556392223085511,SBI Small Cap Fund - Direct Plan - Growth,SBI Mutual Fund,Equity
119599,2023-07,107.56597619047618,104.7198,111.1861,-0.11044181404829462,SBI Small Cap Fund - Direct Plan - Growth,SBI Mutual Fund,Equity
119599,2023-08,102.96202173913044,98.52,107.2159,-0.25476311385347916,SBI Small Cap Fund - Direct Plan - Growth,SBI Mutual Fund,Equity
119599,2023-09,99.25564285714286,95.3013,104.9505,0.31402354916608594,SBI Small Cap Fund - Direct Plan - Growth,SBI Mutual Fund,Equity
119599,2023-10,103.83995454545453,100.7406,106.9457,0.0019749174452233687,SBI Small Cap Fund - Direct Plan - Growth,SBI Mutual Fund,Equity
119599,2023-11,109.68884090909091,103.7513,114.3234,0.2669602249040514,SBI Small Cap Fund - Direct Plan - Growth,SBI Mutual Fund,Equity
119599,2023-12,113.9386238095238,108.3423,120.9509,0.4316434263626215,SBI Small Cap Fund - Direct Plan - Growth,SBI Mutual Fund,Equity
119599,2024-01,127.21950869565217,118.3346,136.8239,0.18742241718625066,SBI Small Cap Fund - Direct Plan - Growth,SBI Mutual Fund,Equity
119599,2024-02,119.29105238095238,112.0266,127.2945,-0.5137670411565205,SBI Small Cap Fund - Direct Plan - Growth,SBI Mutual Fund,Equity
119599,2024-03,110.47193809523809,103.6364,115.1814,-0.37286809928535425,SBI Small Cap Fund - Direct Plan - Growth,SBI Mutual Fund,Equity
119599,2024-04,108.81309545454546,104.1915,114.7778,0.47512022582759406,SBI Small Cap Fund - Direct Plan - Growth,SBI Mutual Fund,Equity
119599,2024-05,115.15515217391304,108.3826,119.3492,-0.24162940635725577,SBI Small Cap Fund - Direct Plan - Growth,SBI Mutual Fund,Equity
119599,2024-06,113.11957,108.2533,117.2197,0.33959103873683893,SBI Small Cap Fund - Direct Plan - Growth,SBI Mutual Fund,Equity
119599,2024-07,118.04752173913043,111.8504,123.4369,0.06370893021579715,SBI Small Cap Fund - Direct Plan - Growth,SBI Mutual Fund,Equity
119599,2024-08,123.37826363636364,114.8418,133.1493,0.4895237902306302,SBI Small Cap Fund - Direct Plan - Growth,SBI Mutual Fund,Equity
119599,2024-09,126.99481428571428,124.3425,129.6308,-0.14338339823814786,SBI Small Cap Fund - Direct Plan - Growth,SBI Mutual Fund,Equity
119599,2024-10,123.5734695652174,120.0129,127.2309,-0.033959514458463104,SBI Small Cap Fund - Direct Plan - Growth,SBI Mutual Fund,Equity
119599,2024-11,115.31633809523808,101.9464,128.9745,-0.9392895053769909,SBI Small Cap Fund - Direct Plan - Growth,SBI Mutual Fund,Equity
119599,2024-12,101.09797272727273,97.0296,103.7246,0.08794073552590231,SBI Small Cap Fund - Direct Plan - Growth,SBI Mutual Fund,Equity
119599,2025-01,103.43340434782608,99.3572,108.0705,0.14736732481979103,SBI Small Cap Fund - Direct Plan - Growth,SBI Mutual Fund,Equity
119599,2025-02,108.64738500000001,100.8452,112.35,-0.2750043408711017,SBI Small Cap Fund - Direct Plan - Growth,SBI Mutual Fund,Equity
119599,2025-03,102.90457142857143,98.4712,107.412,0.150119622228153,SBI Small Cap Fund - Direct Plan - Growth,SBI Mutual Fund,Equity
119599,2025-04,94.75567272727272,90.0271,102.4809,-0.5079926644809567,SBI Small Cap Fund - Direct Plan - Growth,SBI Mutual Fund,Equity
119599,2025-05,94.53443636363636,91.8425,98.0426,-0.01070943261038656,SBI Small Cap Fund - Direct Plan - Growth,SBI Mutual Fund,Equity
119599,2025-06,93.09720952380952,88.2353,98.6953,0.026331344372078513,SBI Small Cap Fund - Direct Plan - Growth,SBI Mutual Fund,Equity
119599,2025-07,92.82191304347826,89.7874,96.0917,0.008513157193755444,SBI Small Cap Fund - Direct Plan - Growth,SBI Mutual Fund,Equity
119599,2025-08,91.00767142857143,88.2512,93.7425,0.040468369421891366,SBI Small Cap Fund - Direct Plan - Growth,SBI Mutual Fund,Equity
119599,2025-09,90.86252272727273,85.7921,96.0611,-0.2678647742539266,SBI Small Cap Fund - Direct Plan - Growth,SBI Mutual Fund,Equity
119599,2025-10,81.76098695652173,78.6152,86.5507,-0.29601490683778264,SBI Small Cap Fund - Direct Plan - Growth,SBI Mutual Fund,Equity
119599,2025-11,83.903525,79.5003,87.8504,0.3908986460980362,SBI Small Cap Fund - Direct Plan - Growth,SBI Mutual Fund,Equity
119599,2025-12,93.20212608695653,88.3758,95.8669,0.19931642660641696,SBI Small Cap Fund - Direct Plan - Growth,SBI Mutual Fund,Equity
119599,2026-01,89.43297727272727,85.6958,95.6554,-0.23130641806348518,SBI Small Cap Fund - Direct Plan - Growth,SBI Mutual Fund,Equity
119599,2026-02,89.97437,84.7099,94.6144,0.4280638275682452,SBI Small Cap Fund - Direct Plan - Growth,SBI Mutual Fund,Equity
119599,2026-03,95.36640454545454,92.8185,99.7613,0.09912226997232075,SBI Small Cap Fund - Direct Plan - Growth,SBI Mutual Fund,Equity
119599,2026-04,98.45217727272728,95.9093,100.4406,0.11163564228477467,SBI Small Cap Fund - Direct Plan - Growth,SBI Mutual Fund,Equity
119599,2026-05,101.90961904761905,98.9917,105.5211,0.3290162522825863,SBI Small Cap Fund - Direct Plan - Growth,SBI Mutual Fund,Equity
120503,2022-01,58.693195238095235,55.3983,61.2076,0.5024594300787893,ICICI Pru Bluechip Fund - Regular - Growth,ICICI Prudential MF,Equity
120503,2022-02,58.8855,57.309,60.6674,-0.06511103694244957,ICICI Pru Bluechip Fund - Regular - Growth,ICICI Prudential MF,Equity
120503,2022-03,63.10818695652174,60.9819,65.2253,0.2206380498495347,ICICI Pru Bluechip Fund - Regular - Growth,ICICI Prudential MF,Equity
120503,2022-04,64.54525714285714,64.0702,65.4517,0.15034819148053,ICICI Pru Bluechip Fund - Regular - Growth,ICICI Prudential MF,Equity
120503,2022-05,65.97595909090909,64.3479,67.693,-0.04160749918006202,ICICI Pru Bluechip Fund - Regular - Growth,ICICI Prudential MF,Equity
120503,2022-06,66.01895,63.8574,67.9823,0.20676368932577696,ICICI Pru Bluechip Fund - Regular - Growth,ICICI Prudential MF,Equity
120503,2022-07,72.1502,68.8372,74.3689,0.4517050675477707,ICICI Pru Bluechip Fund - Regular - Growth,ICICI Prudential MF,Equity
120503,2022-08,75.83017826086957,73.5122,76.9913,-0.04590010927250184,ICICI Pru Bluechip Fund - Regular - Growth,ICICI Prudential MF,Equity
120503,2022-09,73.15403181818182,71.0155,75.1088,0.06960804486384374,ICICI Pru Bluechip Fund - Regular - Growth,ICICI Prudential MF,Equity
120503,2022-10,74.34679523809524,72.0466,77.6358,0.1300293873520169,ICICI Pru Bluechip Fund - Regular - Growth,ICICI Prudential MF,Equity
120503,2022-11,77.19650454545454,75.2841,79.6275,0.1843110915973889,ICICI Pru Bluechip Fund - Regular - Growth,ICICI Prudential MF,Equity
120503,2022-12,78.95703636363636,77.3857,80.6134,0.060099160053414286,ICICI Pru Bluechip Fund - Regular - Growth,ICICI Prudential MF,Equity
120503,2023-01,79.52476818181819,77.8039,81.3297,-0.15839122122564653,ICICI Pru Bluechip Fund - Regular - Growth,ICICI Prudential MF,Equity
120503,2023-02,77.685165,75.4087,80.0231,0.035983100524455976,ICICI Pru Bluechip Fund - Regular - Growth,ICICI Prudential MF,Equity
120503,2023-03,78.4345652173913,76.5219,80.5508,0.08666776088340718,ICICI Pru Bluechip Fund - Regular - Growth,ICICI Prudential MF,Equity
120503,2023-04,80.484655,78.8283,81.7072,0.06696314053357245,ICICI Pru Bluechip Fund - Regular - Growth,ICICI Prudential MF,Equity
120503,2023-05,79.75048695652174,78.2777,81.5738,-0.1348480189320134,ICICI Pru Bluechip Fund - Regular - Growth,ICICI Prudential MF,Equity
120503,2023-06,78.68669545454544,77.8189,80.3564,-0.02522066071539355,ICICI Pru Bluechip Fund - Regular - Growth,ICICI Prudential MF,Equity
120503,2023-07,77.06250952380952,75.0543,79.0558,-0.11759262022204062,ICICI Pru Bluechip Fund - Regular - Growth,ICICI Prudential MF,Equity
120503,2023-08,75.95679130434783,73.8336,78.3115,0.14295514114840716,ICICI Pru Bluechip Fund - Regular - Growth,ICICI Prudential MF,Equity
120503,2023-09,80.47389523809524,77.6443,83.6992,-0.0346187858819458,ICICI Pru Bluechip Fund - Regular - Growth,ICICI Prudential MF,Equity
120503,2023-10,77.0978409090909,73.7279,79.0178,-0.22077985170412415,ICICI Pru Bluechip Fund - Regular - Growth,ICICI Prudential MF,Equity
120503,2023-11,74.16010454545454,72.0668,76.6149,0.054944573952873846,ICICI Pru Bluechip Fund - Regular - Growth,ICICI Prudential MF,Equity
120503,2023-12,74.01654761904763,73.4398,74.9309,-0.005648507071956278,ICICI Pru Bluechip Fund - Regular - Growth,ICICI Prudential MF,Equity
120503,2024-01,76.7012695652174,74.2316,78.0829,0.12528122011426912,ICICI Pru Bluechip Fund - Regular - Growth,ICICI Prudential MF,Equity
120503,2024-02,80.8430857142857,77.2723,82.609,0.27135722848977856,ICICI Pru Bluechip Fund - Regular - Growth,ICICI Prudential MF,Equity
120503,2024-03,84.16643809523809,81.6509,86.8851,0.2666463476366438,ICICI Pru Bluechip Fund - Regular - Growth,ICICI Prudential MF,Equity
120503,2024-04,87.88060909090909,86.9431,89.1604,0.09987116679955638,ICICI Pru Bluechip Fund - Regular - Growth,ICICI Prudential MF,Equity
120503,2024-05,90.7904304347826,89.1219,93.0031,0.24548882787190823,ICICI Pru Bluechip Fund - Regular - Growth,ICICI Prudential MF,Equity
120503,2024-06,94.46933,92.7834,96.5887,0.15622427965217012,ICICI Pru Bluechip Fund - Regular - Growth,ICICI Prudential MF,Equity
120503,2024-07,95.14999130434782,93.5384,98.817,0.076829509846662,ICICI Pru Bluechip Fund - Regular - Growth,ICICI Prudential MF,Equity
120503,2024-08,92.85671818181818,91.0118,96.6948,-0.12955017030956542,ICICI Pru Bluechip Fund - Regular - Growth,ICICI Prudential MF,Equity
120503,2024-09,96.27036666666666,93.8057,99.5532,0.16962969710860762,ICICI Pru Bluechip Fund - Regular - Growth,ICICI Prudential MF,Equity
120503,2024-10,99.09110869565217,97.3483,101.2528,0.16115519226374772,ICICI Pru Bluechip Fund - Regular - Growth,ICICI Prudential MF,Equity
120503,2024-11,105.33463333333334,100.0434,108.8513,0.3249117632459767,ICICI Pru Bluechip Fund - Regular - Growth,ICICI Prudential MF,Equity
120503,2024-12,104.43497272727272,101.9202,107.5555,-0.174726274828103,ICICI Pru Bluechip Fund - Regular - Growth,ICICI Prudential MF,Equity
120503,2025-01,106.0461652173913,102.815,108.798,0.16498501444039584,ICICI Pru Bluechip Fund - Regular - Growth,ICICI Prudential MF,Equity
120503,2025-02,113.18392000000001,107.4605,117.3837,0.36290686518736737,ICICI Pru Bluechip Fund - Regular - Growth,ICICI Prudential MF,Equity
120503,2025-03,111.61014761904761,109.4896,116.4199,-0.2193260998924611,ICICI Pru Bluechip Fund - Regular - Growth,ICICI Prudential MF,Equity
120503,2025-04,108.57482727272728,106.061,111.0434,-0.058654975526863225,ICICI Pru Bluechip Fund - Regular - Growth,ICICI Prudential MF,Equity
120503,2025-05,110.33594545454547,108.5487,112.2076,-0.014184585035147997,ICICI Pru Bluechip Fund - Regular - Growth,ICICI Prudential MF,Equity
120503,2025-06,112.66357619047619,110.0078,114.4547,0.12435469900064683,ICICI Pru Bluechip Fund - Regular - Growth,ICICI Prudential MF,Equity
120503,2025-07,111.97214782608695,110.072,114.4786,0.013009845326791223,ICICI Pru Bluechip Fund - Regular - Growth,ICICI Prudential MF,Equity
120503,2025-08,110.88481904761905,109.2809,112.5435,-0.04272342874615345,ICICI Pru Bluechip Fund - Regular - Growth,ICICI Prudential MF,Equity
120503,2025-09,110.99643181818182,107.9549,114.79,0.15756751575664787,ICICI Pru Bluechip Fund - Regular - Growth,ICICI Prudential MF,Equity
120503,2025-10,113.74865652173912,112.0371,115.8366,-0.034761871015009944,ICICI Pru Bluechip Fund - Regular - Growth,ICICI Prudential MF,Equity
120503,2025-11,112.40969500000001,110.7797,115.2179,0.07031120982696037,ICICI Pru Bluechip Fund - Regular - Growth,ICICI Prudential MF,Equity
120503,2025-12,113.78863913043479,111.2615,115.7081,-0.14846247787698091,ICICI Pru Bluechip Fund - Regular - Growth,ICICI Prudential MF,Equity
120503,2026-01,109.11906818181818,105.539,111.3419,-0.2378088168731645,ICICI Pru Bluechip Fund - Regular - Growth,ICICI Prudential MF,Equity
120503,2026-02,102.840735,101.0817,105.7397,-0.16531102901068961,ICICI Pru Bluechip Fund - Regular - Growth,ICICI Prudential MF,Equity
120503,2026-03,106.17066363636364,101.8901,110.3949,0.3624291342958194,ICICI Pru Bluechip Fund - Regular - Growth,ICICI Prudential MF,Equity
120503,2026-04,112.7014090909091,109.2916,115.5493,0.09558536591167878,ICICI Pru Bluechip Fund - Regular - Growth,ICICI Prudential MF,Equity
120503,2026-05,115.08339523809524,111.2831,118.8713,0.231864782207196,ICICI Pru Bluechip Fund - Regular - Growth,ICICI Prudential MF,Equity
120504,2022-01,61.882261904761904,59.4577,63.367,0.11057700286171201,ICICI Pru Bluechip Fund - Direct - Growth,ICICI Prudential MF,Equity
120504,2022-02,61.75756,60.5414,63.008,0.024916570092102235,ICICI Pru Bluechip Fund - Direct - Growth,ICICI Prudential MF,Equity
120504,2022-03,62.2288,60.9868,64.1666,0.17324729582405515,ICICI Pru Bluechip Fund - Direct - Growth,ICICI Prudential MF,Equity
120504,2022-04,63.89612857142858,62.8662,64.6895,0.0027610214319766222,ICICI Pru Bluechip Fund - Direct - Growth,ICICI Prudential MF,Equity
120504,2022-05,65.7659,63.3571,67.3158,0.12754873661637503,ICICI Pru Bluechip Fund - Direct - Growth,ICICI Prudential MF,Equity
120504,2022-06,67.97549545454545,65.454,70.2981,0.18802406867404098,ICICI Pru Bluechip Fund - Direct - Growth,ICICI Prudential MF,Equity
120504,2022-07,69.38332380952382,67.2856,71.855,0.14029302612266048,ICICI Pru Bluechip Fund - Direct - Growth,ICICI Prudential MF,Equity
120504,2022-08,70.51372173913043,68.9533,72.1247,0.08057083855229485,ICICI Pru Bluechip Fund - Direct - Growth,ICICI Prudential MF,Equity
120504,2022-09,71.64849545454545,70.4625,72.6981,0.011170399026505002,ICICI Pru Bluechip Fund - Direct - Growth,ICICI Prudential MF,Equity
120504,2022-10,71.39093809523808,70.1963,73.2507,-0.08732766253570569,ICICI Pru Bluechip Fund - Direct - Growth,ICICI Prudential MF,Equity
120504,2022-11,69.77772727272726,68.3352,71.3316,-0.11547753542547237,ICICI Pru Bluechip Fund - Direct - Growth,ICICI Prudential MF,Equity
120504,2022-12,67.84491818181817,66.1842,69.1814,-0.1402524887419119,ICICI Pru Bluechip Fund - Direct - Growth,ICICI Prudential MF,Equity
120504,2023-01,67.37944545454546,64.6711,69.4319,-0.13186769695146994,ICICI Pru Bluechip Fund - Direct - Growth,ICICI Prudential MF,Equity
120504,2023-02,66.326465,65.1409,68.247,0.20913934917512367,ICICI Pru Bluechip Fund - Direct - Growth,ICICI Prudential MF,Equity
120504,2023-03,68.91044347826087,67.7243,70.3033,0.1893836789809434,ICICI Pru Bluechip Fund - Direct - Growth,ICICI Prudential MF,Equity
120504,2023-04,69.146975,66.9734,71.3613,-0.1811109292711055,ICICI Pru Bluechip Fund - Direct - Growth,ICICI Prudential MF,Equity
120504,2023-05,66.18238260869565,64.0297,68.1186,-0.19766871955285026,ICICI Pru Bluechip Fund - Direct - Growth,ICICI Prudential MF,Equity
120504,2023-06,67.76818181818182,64.3438,72.5025,0.5236555324568313,ICICI Pru Bluechip Fund - Direct - Growth,ICICI Prudential MF,Equity
120504,2023-07,73.95927619047619,71.4439,76.3066,0.19801357111977697,ICICI Pru Bluechip Fund - Direct - Growth,ICICI Prudential MF,Equity
120504,2023-08,81.75060434782608,77.0172,85.5895,0.49308764685139544,ICICI Pru Bluechip Fund - Direct - Growth,ICICI Prudential MF,Equity
120504,2023-09,86.11017619047618,84.1807,87.9478,0.1003664209855812,ICICI Pru Bluechip Fund - Direct - Growth,ICICI Prudential MF,Equity
120504,2023-10,85.5097090909091,82.9567,87.877,-0.04469687468859188,ICICI Pru Bluechip Fund - Direct - Growth,ICICI Prudential MF,Equity
120504,2023-11,86.21749545454546,84.0057,88.0383,0.12540255728326824,ICICI Pru Bluechip Fund - Direct - Growth,ICICI Prudential MF,Equity
120504,2023-12,87.91739047619048,86.4664,88.8623,0.07196256880028151,ICICI Pru Bluechip Fund - Direct - Growth,ICICI Prudential MF,Equity
120504,2024-01,91.54933913043477,88.1523,94.2552,0.18404116067834844,ICICI Pru Bluechip Fund - Direct - Growth,ICICI Prudential MF,Equity
120504,2024-02,93.81113809523809,89.3405,98.0002,0.21323350203815072,ICICI Pru Bluechip Fund - Direct - Growth,ICICI Prudential MF,Equity
120504,2024-03,100.86980952380952,96.3347,105.3817,0.4123634925626185,ICICI Pru Bluechip Fund - Direct - Growth,ICICI Prudential MF,Equity
120504,2024-04,103.11127272727272,100.6033,106.2431,-0.10648280532137239,ICICI Pru Bluechip Fund - Direct - Growth,ICICI Prudential MF,Equity
120504,2024-05,106.41511304347826,103.2105,108.7739,0.15033107101403348,ICICI Pru Bluechip Fund - Direct - Growth,ICICI Prudential MF,Equity
120504,2024-06,108.95021,105.1867,114.9497,0.28139914765442753,ICICI Pru Bluechip Fund - Direct - Growth,ICICI Prudential MF,Equity
120504,2024-07,111.20517391304348,108.7492,113.2163,-0.0019960978335888174,ICICI Pru Bluechip Fund - Direct - Growth,ICICI Prudential MF,Equity
120504,2024-08,114.56652272727273,112.2903,118.2404,0.04114651034331156,ICICI Pru Bluechip Fund - Direct - Growth,ICICI Prudential MF,Equity
120504,2024-09,111.32566190476192,108.7261,113.6879,-0.13850323393098768,ICICI Pru Bluechip Fund - Direct - Growth,ICICI Prudential MF,Equity
120504,2024-10,109.03206086956521,106.6183,113.6516,0.14869364065666466,ICICI Pru Bluechip Fund - Direct - Growth,ICICI Prudential MF,Equity
120504,2024-11,112.24767619047618,108.3563,114.2529,-0.1139342379614888,ICICI Pru Bluechip Fund - Direct - Growth,ICICI Prudential MF,Equity
120504,2024-12,110.65136818181819,108.9032,113.3055,-0.03580985223911642,ICICI Pru Bluechip Fund - Direct - Growth,ICICI Prudential MF,Equity
120504,2025-01,112.88669565217393,108.162,116.8544,0.19123802854155206,ICICI Pru Bluechip Fund - Direct - Growth,ICICI Prudential MF,Equity
120504,2025-02,116.02291500000001,114.1697,119.3185,0.02817213461117185,ICICI Pru Bluechip Fund - Direct - Growth,ICICI Prudential MF,Equity
120504,2025-03,118.20764285714287,114.5596,120.2304,0.1994159519371832,ICICI Pru Bluechip Fund - Direct - Growth,ICICI Prudential MF,Equity
120504,2025-04,123.3525,118.7722,126.6418,0.11757502240380918,ICICI Pru Bluechip Fund - Direct - Growth,ICICI Prudential MF,Equity
120504,2025-05,128.8257090909091,124.1995,134.7894,0.3602604243345262,ICICI Pru Bluechip Fund - Direct - Growth,ICICI Prudential MF,Equity
120504,2025-06,134.12060952380952,129.6534,138.263,0.06192797954267054,ICICI Pru Bluechip Fund - Direct - Growth,ICICI Prudential MF,Equity
120504,2025-07,128.09857391304348,121.1763,135.1742,-0.40732954260330023,ICICI Pru Bluechip Fund - Direct - Growth,ICICI Prudential MF,Equity
120504,2025-08,125.1807619047619,122.7456,130.9831,0.31503071067487215,ICICI Pru Bluechip Fund - Direct - Growth,ICICI Prudential MF,Equity
120504,2025-09,132.05670454545455,129.027,134.2926,0.08360288303262409,ICICI Pru Bluechip Fund - Direct - Growth,ICICI Prudential MF,Equity
120504,2025-10,129.60624347826086,124.0138,135.6172,-0.28243477104966036,ICICI Pru Bluechip Fund - Direct - Growth,ICICI Prudential MF,Equity
120504,2025-11,133.60944,125.2277,141.5767,0.638742088932745,ICICI Pru Bluechip Fund - Direct - Growth,ICICI Prudential MF,Equity
120504,2025-12,150.52522173913044,143.8948,159.725,0.5297172197182963,ICICI Pru Bluechip Fund - Direct - Growth,ICICI Prudential MF,Equity
120504,2026-01,156.8905681818182,153.6233,160.8772,-0.1714393375615055,ICICI Pru Bluechip Fund - Direct - Growth,ICICI Prudential MF,Equity
120504,2026-02,155.324975,150.8186,160.4539,0.2112489338169782,ICICI Pru Bluechip Fund - Direct - Growth,ICICI Prudential MF,Equity
120504,2026-03,158.80966818181818,153.1463,164.2321,-0.027050662377274926,ICICI Pru Bluechip Fund - Direct - Growth,ICICI Prudential MF,Equity
120504,2026-04,156.25350454545455,150.8086,161.457,-0.24033317753390337,ICICI Pru Bluechip Fund - Direct - Growth,ICICI Prudential MF,Equity
120504,2026-05,151.9260904761905,149.857,154.5644,0.015092504526537098,ICICI Pru Bluechip Fund - Direct - Growth,ICICI Prudential MF,Equity
120505,2022-01,139.64893333333333,133.1682,143.7839,0.2336684084530627,ICICI Pru Midcap Fund - Regular - Growth,ICICI Prudential MF,Equity
120505,2022-02,154.513295,145.1336,163.2753,0.7006850165185252,ICICI Pru Midcap Fund - Regular - Growth,ICICI Prudential MF,Equity
120505,2022-03,170.95095652173913,163.5843,177.4456,0.3342769237738468,ICICI Pru Midcap Fund - Regular - Growth,ICICI Prudential MF,Equity
120505,2022-04,184.2954619047619,177.655,188.7829,0.3328810289554001,ICICI Pru Midcap Fund - Regular - Growth,ICICI Prudential MF,Equity
120505,2022-05,187.09864090909093,178.8193,193.5301,-0.23575168580792985,ICICI Pru Midcap Fund - Regular - Growth,ICICI Prudential MF,Equity
120505,2022-06,180.04863636363635,171.2824,189.001,0.09595760563057505,ICICI Pru Midcap Fund - Regular - Growth,ICICI Prudential MF,Equity
120505,2022-07,176.12109523809525,167.4228,184.0622,0.0655711178972689,ICICI Pru Midcap Fund - Regular - Growth,ICICI Prudential MF,Equity
120505,2022-08,193.3022695652174,182.803,199.9983,0.31041430047826724,ICICI Pru Midcap Fund - Regular - Growth,ICICI Prudential MF,Equity
120505,2022-09,199.31463636363634,192.4997,205.4565,-0.11048181138811546,ICICI Pru Midcap Fund - Regular - Growth,ICICI Prudential MF,Equity
120505,2022-10,201.92616666666666,194.0604,210.7593,0.2993824709845793,ICICI Pru Midcap Fund - Regular - Growth,ICICI Prudential MF,Equity
120505,2022-11,207.35961363636363,200.7462,215.3937,0.1305142317686389,ICICI Pru Midcap Fund - Regular - Growth,ICICI Prudential MF,Equity
120505,2022-12,208.52875454545455,201.0321,214.0601,-0.026003186996004235,ICICI Pru Midcap Fund - Regular - Growth,ICICI Prudential MF,Equity
120505,2023-01,205.99158181818183,200.326,211.6281,0.029768852320187878,ICICI Pru Midcap Fund - Regular - Growth,ICICI Prudential MF,Equity
120505,2023-02,203.88178499999998,197.4202,210.8699,-0.3005958234976075,ICICI Pru Midcap Fund - Regular - Growth,ICICI Prudential MF,Equity
120505,2023-03,200.65794347826088,192.3237,211.9717,0.03467714838135441,ICICI Pru Midcap Fund - Regular - Growth,ICICI Prudential MF,Equity
120505,2023-04,195.106045,190.6251,199.4445,-0.1932176169587169,ICICI Pru Midcap Fund - Regular - Growth,ICICI Prudential MF,Equity
120505,2023-05,198.2119652173913,184.017,209.7025,0.42281976212172406,ICICI Pru Midcap Fund - Regular - Growth,ICICI Prudential MF,Equity
120505,2023-06,215.35923636363634,208.7148,223.3118,0.031613950894979446,ICICI Pru Midcap Fund - Regular - Growth,ICICI Prudential MF,Equity
120505,2023-07,211.72013333333334,206.4417,217.3928,-0.06001393040003378,ICICI Pru Midcap Fund - Regular - Growth,ICICI Prudential MF,Equity
120505,2023-08,227.2071304347826,212.2681,240.3903,0.5887349733831272,ICICI Pru Midcap Fund - Regular - Growth,ICICI Prudential MF,Equity
120505,2023-09,247.06707619047617,238.75,263.8218,0.5057615231685226,ICICI Pru Midcap Fund - Regular - Growth,ICICI Prudential MF,Equity
120505,2023-10,276.1978409090909,262.9826,283.8532,0.30751529536326727,ICICI Pru Midcap Fund - Regular - Growth,ICICI Prudential MF,Equity
120505,2023-11,276.9661772727273,270.144,282.8515,-0.09295885664223395,ICICI Pru Midcap Fund - Regular - Growth,ICICI Prudential MF,Equity
120505,2023-12,277.4670238095238,269.8117,287.6341,0.1501017398168632,ICICI Pru Midcap Fund - Regular - Growth,ICICI Prudential MF,Equity
120505,2024-01,270.64373043478264,259.5615,285.4565,-0.14815273464537249,ICICI Pru Midcap Fund - Regular - Growth,ICICI Prudential MF,Equity
120505,2024-02,274.0119238095238,263.2014,281.9859,-0.017507005505916034,ICICI Pru Midcap Fund - Regular - Growth,ICICI Prudential MF,Equity
120505,2024-03,282.8188619047619,267.1435,307.1061,0.5737845021600606,ICICI Pru Midcap Fund - Regular - Growth,ICICI Prudential MF,Equity
120505,2024-04,303.80425909090906,298.1628,308.7525,0.028376459263463275,ICICI Pru Midcap Fund - Regular - Growth,ICICI Prudential MF,Equity
120505,2024-05,296.56355652173914,288.7178,307.0521,-0.2168895921337862,ICICI Pru Midcap Fund - Regular - Growth,ICICI Prudential MF,Equity
120505,2024-06,299.517615,285.3352,310.1962,0.2483847915696086,ICICI Pru Midcap Fund - Regular - Growth,ICICI Prudential MF,Equity
120505,2024-07,308.15631304347824,301.1113,315.8735,-0.016176476640738093,ICICI Pru Midcap Fund - Regular - Growth,ICICI Prudential MF,Equity
120505,2024-08,298.18403181818184,289.9682,307.8698,-0.15421298912822787,ICICI Pru Midcap Fund - Regular - Growth,ICICI Prudential MF,Equity
120505,2024-09,302.3281666666667,286.0245,312.0338,0.06128638221100155,ICICI Pru Midcap Fund - Regular - Growth,ICICI Prudential MF,Equity
120505,2024-10,325.72122173913044,301.1758,342.4337,0.4069922734638537,ICICI Pru Midcap Fund - Regular - Growth,ICICI Prudential MF,Equity
120505,2024-11,332.6629952380952,323.2097,342.2772,0.031009596247295823,ICICI Pru Midcap Fund - Regular - Growth,ICICI Prudential MF,Equity
120505,2024-12,318.7700863636364,296.8127,335.0644,-0.4668822742931834,ICICI Pru Midcap Fund - Regular - Growth,ICICI Prudential MF,Equity
120505,2025-01,291.2254695652174,280.1501,299.4292,-0.10149954497298565,ICICI Pru Midcap Fund - Regular - Growth,ICICI Prudential MF,Equity
120505,2025-02,313.39815,291.339,340.1644,0.6607509795754873,ICICI Pru Midcap Fund - Regular - Growth,ICICI Prudential MF,Equity
120505,2025-03,339.6649476190476,335.6978,345.6626,0.21561139709180038,ICICI Pru Midcap Fund - Regular - Growth,ICICI Prudential MF,Equity
120505,2025-04,345.0175727272727,328.1139,361.026,0.19817400520009737,ICICI Pru Midcap Fund - Regular - Growth,ICICI Prudential MF,Equity
120505,2025-05,357.3998409090909,350.0546,365.5455,0.0698250921585486,ICICI Pru Midcap Fund - Regular - Growth,ICICI Prudential MF,Equity
120505,2025-06,363.85082380952383,355.6876,376.1853,0.1018918291757228,ICICI Pru Midcap Fund - Regular - Growth,ICICI Prudential MF,Equity
120505,2025-07,375.5537478260869,364.8618,388.0119,0.1485080124217403,ICICI Pru Midcap Fund - Regular - Growth,ICICI Prudential MF,Equity
120505,2025-08,376.5276,366.178,386.8209,-0.07552539863118742,ICICI Pru Midcap Fund - Regular - Growth,ICICI Prudential MF,Equity
120505,2025-09,375.77807272727273,364.6875,385.3923,0.09903335831978638,ICICI Pru Midcap Fund - Regular - Growth,ICICI Prudential MF,Equity
120505,2025-10,385.5648869565217,376.962,392.4686,-0.0013198273497395422,ICICI Pru Midcap Fund - Regular - Growth,ICICI Prudential MF,Equity
120505,2025-11,373.48888,364.4675,386.2778,-0.1850860564607143,ICICI Pru Midcap Fund - Regular - Growth,ICICI Prudential MF,Equity
120505,2025-12,390.35278260869563,362.608,407.5011,0.43852166091679756,ICICI Pru Midcap Fund - Regular - Growth,ICICI Prudential MF,Equity
120505,2026-01,406.49821818181823,396.816,419.5887,-0.06341042176213896,ICICI Pru Midcap Fund - Regular - Growth,ICICI Prudential MF,Equity
120505,2026-02,433.34916999999996,401.1381,457.321,0.6550657835082568,ICICI Pru Midcap Fund - Regular - Growth,ICICI Prudential MF,Equity
120505,2026-03,447.7343363636364,429.6071,465.7889,-0.18276497500195535,ICICI Pru Midcap Fund - Regular - Growth,ICICI Prudential MF,Equity
120505,2026-04,453.4751090909091,435.0009,467.2968,0.14103645236402754,ICICI Pru Midcap Fund - Regular - Growth,ICICI Prudential MF,Equity
120505,2026-05,468.5490523809524,452.2385,476.3696,0.23652944317015365,ICICI Pru Midcap Fund - Regular - Growth,ICICI Prudential MF,Equity
120506,2022-01,205.10689523809526,202.0343,213.3111,0.27382926131640833,ICICI Pru Value Discovery Fund - Regular - Growth,ICICI Prudential MF,Equity
120506,2022-02,215.02763,209.4323,221.0535,0.1839327476716696,ICICI Pru Value Discovery Fund - Regular - Growth,ICICI Prudential MF,Equity
120506,2022-03,225.50007826086957,221.9884,230.8322,0.1914779240384301,ICICI Pru Value Discovery Fund - Regular - Growth,ICICI Prudential MF,Equity
120506,2022-04,233.20551904761902,229.8003,235.9895,0.049022732681093195,ICICI Pru Value Discovery Fund - Regular - Growth,ICICI Prudential MF,Equity
120506,2022-05,226.8173,222.1508,236.1054,-0.2145668608696805,ICICI Pru Value Discovery Fund - Regular - Growth,ICICI Prudential MF,Equity
120506,2022-06,226.5466181818182,217.9587,232.9864,0.0941161448229129,ICICI Pru Value Discovery Fund - Regular - Growth,ICICI Prudential MF,Equity
120506,2022-07,218.6219904761905,210.6344,226.155,-0.18653116946120102,ICICI Pru Value Discovery Fund - Regular - Growth,ICICI Prudential MF,Equity
120506,2022-08,222.18246086956523,216.9508,226.9223,0.12706572497980723,ICICI Pru Value Discovery Fund - Regular - Growth,ICICI Prudential MF,Equity
120506,2022-09,224.02974545454546,218.6529,229.3572,-0.00199551459167845,ICICI Pru Value Discovery Fund - Regular - Growth,ICICI Prudential MF,Equity
120506,2022-10,219.66150952380954,210.8884,223.4564,-0.17902788908934908,ICICI Pru Value Discovery Fund - Regular - Growth,ICICI Prudential MF,Equity
120506,2022-11,215.00910454545456,209.7132,221.1362,0.05122370087983572,ICICI Pru Value Discovery Fund - Regular - Growth,ICICI Prudential MF,Equity
120506,2022-12,219.90096363636366,211.6536,233.2509,0.327936516873776,ICICI Pru Value Discovery Fund - Regular - Growth,ICICI Prudential MF,Equity
120506,2023-01,242.4049909090909,234.5007,247.0997,0.2155611756906958,ICICI Pru Value Discovery Fund - Regular - Growth,ICICI Prudential MF,Equity
120506,2023-02,256.64704,243.2813,265.8516,0.3373590387444175,ICICI Pru Value Discovery Fund - Regular - Growth,ICICI Prudential MF,Equity
120506,2023-03,267.47211304347826,258.8053,277.8107,0.2713769031990802,ICICI Pru Value Discovery Fund - Regular - Growth,ICICI Prudential MF,Equity
120506,2023-04,265.054605,259.097,270.5162,-0.27623582676242536,ICICI Pru Value Discovery Fund - Regular - Growth,ICICI Prudential MF,Equity
120506,2023-05,252.88974782608696,243.5209,262.89,-0.2628364496355415,ICICI Pru Value Discovery Fund - Regular - Growth,ICICI Prudential MF,Equity
120506,2023-06,248.02040909090908,238.7027,256.0969,-0.14516425434008753,ICICI Pru Value Discovery Fund - Regular - Growth,ICICI Prudential MF,Equity
120506,2023-07,239.91097142857143,228.8385,248.3242,-0.19719470134128295,ICICI Pru Value Discovery Fund - Regular - Growth,ICICI Prudential MF,Equity
120506,2023-08,227.55940434782607,222.7329,231.2855,-0.06371453853905944,ICICI Pru Value Discovery Fund - Regular - Growth,ICICI Prudential MF,Equity
120506,2023-09,230.96268571428573,226.0864,235.2308,0.2102234948292309,ICICI Pru Value Discovery Fund - Regular - Growth,ICICI Prudential MF,Equity
120506,2023-10,239.2766590909091,236.2899,242.5025,0.1073016180095113,ICICI Pru Value Discovery Fund - Regular - Growth,ICICI Prudential MF,Equity
120506,2023-11,244.9653681818182,238.3505,251.7571,0.15463031616843995,ICICI Pru Value Discovery Fund - Regular - Growth,ICICI Prudential MF,Equity
120506,2023-12,264.1742952380952,251.5904,273.6367,0.37047472668430165,ICICI Pru Value Discovery Fund - Regular - Growth,ICICI Prudential MF,Equity
120506,2024-01,272.1545478260869,265.8677,278.9427,0.06482232888616048,ICICI Pru Value Discovery Fund - Regular - Growth,ICICI Prudential MF,Equity
120506,2024-02,281.8607333333333,265.2707,296.5683,0.33763114070661265,ICICI Pru Value Discovery Fund - Regular - Growth,ICICI Prudential MF,Equity
120506,2024-03,296.1852428571429,289.7243,302.7456,0.06359535294340825,ICICI Pru Value Discovery Fund - Regular - Growth,ICICI Prudential MF,Equity
120506,2024-04,289.25108181818183,274.8079,304.8828,-0.29609632515548057,ICICI Pru Value Discovery Fund - Regular - Growth,ICICI Prudential MF,Equity
120506,2024-05,263.3307695652174,253.1541,280.0236,-0.21336872221594286,ICICI Pru Value Discovery Fund - Regular - Growth,ICICI Prudential MF,Equity
120506,2024-06,258.21589,251.6939,264.2969,-0.15449241615883066,ICICI Pru Value Discovery Fund - Regular - Growth,ICICI Prudential MF,Equity
120506,2024-07,264.092647826087,253.7134,274.2335,0.29459040576986784,ICICI Pru Value Discovery Fund - Regular - Growth,ICICI Prudential MF,Equity
120506,2024-08,275.7475818181818,271.7396,279.8169,0.09840657143196928,ICICI Pru Value Discovery Fund - Regular - Growth,ICICI Prudential MF,Equity
120506,2024-09,270.9918952380952,266.9256,278.2186,-0.07602140646005047,ICICI Pru Value Discovery Fund - Regular - Growth,ICICI Prudential MF,Equity
120506,2024-10,270.0351086956522,260.7769,277.4143,0.023081060052881183,ICICI Pru Value Discovery Fund - Regular - Growth,ICICI Prudential MF,Equity
120506,2024-11,270.9229571428571,262.0478,275.553,-0.21869604320426314,ICICI Pru Value Discovery Fund - Regular - Growth,ICICI Prudential MF,Equity
120506,2024-12,266.2425818181818,251.715,271.892,-0.17713945807309803,ICICI Pru Value Discovery Fund - Regular - Growth,ICICI Prudential MF,Equity
120506,2025-01,261.45023478260873,253.3474,271.0468,0.32369355776379627,ICICI Pru Value Discovery Fund - Regular - Growth,ICICI Prudential MF,Equity
120506,2025-02,276.552945,268.7839,282.9235,0.1685547770834034,ICICI Pru Value Discovery Fund - Regular - Growth,ICICI Prudential MF,Equity
120506,2025-03,275.2699761904762,265.3786,281.6061,-0.23858450759435107,ICICI Pru Value Discovery Fund - Regular - Growth,ICICI Prudential MF,Equity
120506,2025-04,265.2866909090909,260.8344,270.9048,0.017898633007654395,ICICI Pru Value Discovery Fund - Regular - Growth,ICICI Prudential MF,Equity
120506,2025-05,275.2967,269.0768,285.1667,0.2821607724108247,ICICI Pru Value Discovery Fund - Regular - Growth,ICICI Prudential MF,Equity
120506,2025-06,302.4905142857143,280.1451,320.7477,0.5976203490337757,ICICI Pru Value Discovery Fund - Regular - Growth,ICICI Prudential MF,Equity
120506,2025-07,317.2417652173913,311.8826,325.4706,-0.07168544537817115,ICICI Pru Value Discovery Fund - Regular - Growth,ICICI Prudential MF,Equity
120506,2025-08,329.25845238095235,314.0033,336.3231,0.252844535326412,ICICI Pru Value Discovery Fund - Regular - Growth,ICICI Prudential MF,Equity
120506,2025-09,330.63390909090907,322.9621,337.7487,-0.012716380888380906,ICICI Pru Value Discovery Fund - Regular - Growth,ICICI Prudential MF,Equity
120506,2025-10,330.35345652173913,323.9793,341.1891,0.13593020153737237,ICICI Pru Value Discovery Fund - Regular - Growth,ICICI Prudential MF,Equity
120506,2025-11,346.444765,339.8991,352.7159,0.15486242418983945,ICICI Pru Value Discovery Fund - Regular - Growth,ICICI Prudential MF,Equity
120506,2025-12,362.38785652173914,355.1732,370.3188,0.09864471934336642,ICICI Pru Value Discovery Fund - Regular - Growth,ICICI Prudential MF,Equity
120506,2026-01,370.9263409090909,357.4814,384.4074,0.2940559202268615,ICICI Pru Value Discovery Fund - Regular - Growth,ICICI Prudential MF,Equity
120506,2026-02,391.98449500000004,377.1016,404.2808,0.23132293733249215,ICICI Pru Value Discovery Fund - Regular - Growth,ICICI Prudential MF,Equity
120506,2026-03,403.57026818181816,396.0467,410.2909,-0.04760443861553691,ICICI Pru Value Discovery Fund - Regular - Growth,ICICI Prudential MF,Equity
120506,2026-04,399.0490181818182,389.6789,408.6439,0.015684767593540892,ICICI Pru Value Discovery Fund - Regular - Growth,ICICI Prudential MF,Equity
120506,2026-05,396.71530952380954,388.9033,406.7074,0.08963813383019328,ICICI Pru Value Discovery Fund - Regular - Growth,ICICI Prudential MF,Equity
120507,2022-01,287.0251904761905,285.7447,288.1144,0.0413064203838786,ICICI Pru Liquid Fund - Regular - Growth,ICICI Prudential MF,Debt
120507,2022-02,288.93471,288.0787,289.4273,0.022263392932578275,ICICI Pru Liquid Fund - Regular - Growth,ICICI Prudential MF,Debt
120507,2022-03,290.46391304347827,289.4622,291.268,0.027986284458951176,ICICI Pru Liquid Fund - Regular - Growth,ICICI Prudential MF,Debt
120507,2022-04,291.72223333333335,291.119,292.4983,0.020078945226147678,ICICI Pru Liquid Fund - Regular - Growth,ICICI Prudential MF,Debt
120507,2022-05,293.29281363636363,292.527,294.3502,0.028697222885960917,ICICI Pru Liquid Fund - Regular - Growth,ICICI Prudential MF,Debt
120507,2022-06,295.5326318181818,294.3826,296.6018,0.034648591304931003,ICICI Pru Liquid Fund - Regular - Growth,ICICI Prudential MF,Debt
120507,2022-07,297.3958,296.7053,298.3296,0.02766895182305765,ICICI Pru Liquid Fund - Regular - Growth,ICICI Prudential MF,Debt
120507,2022-08,299.0257565217391,298.27,299.9005,0.022318369790690722,ICICI Pru Liquid Fund - Regular - Growth,ICICI Prudential MF,Debt
120507,2022-09,300.6838181818182,299.8155,301.4414,0.02294863117014432,ICICI Pru Liquid Fund - Regular - Growth,ICICI Prudential MF,Debt
120507,2022-10,302.01335238095237,301.5928,302.5374,0.018233378328122544,ICICI Pru Liquid Fund - Regular - Growth,ICICI Prudential MF,Debt
120507,2022-11,303.57449545454546,302.6535,304.3463,0.02644344500793223,ICICI Pru Liquid Fund - Regular - Growth,ICICI Prudential MF,Debt
120507,2022-12,305.0378,304.3508,305.5667,0.018858395503582773,ICICI Pru Liquid Fund - Regular - Growth,ICICI Prudential MF,Debt
120507,2023-01,306.1600090909091,305.431,306.888,0.019618937547668806,ICICI Pru Liquid Fund - Regular - Growth,ICICI Prudential MF,Debt
120507,2023-02,307.51036,306.8678,308.4295,0.02505905713865326,ICICI Pru Liquid Fund - Regular - Growth,ICICI Prudential MF,Debt
120507,2023-03,309.6648347826087,308.5959,310.4137,0.02789071009821303,ICICI Pru Liquid Fund - Regular - Growth,ICICI Prudential MF,Debt
120507,2023-04,311.011655,310.4969,311.6483,0.019855149859959714,ICICI Pru Liquid Fund - Regular - Growth,ICICI Prudential MF,Debt
120507,2023-05,312.8239695652174,311.5596,313.8103,0.029089870772094028,ICICI Pru Liquid Fund - Regular - Growth,ICICI Prudential MF,Debt
120507,2023-06,315.10610909090906,313.7941,316.234,0.03600426782192328,ICICI Pru Liquid Fund - Regular - Growth,ICICI Prudential MF,Debt
120507,2023-07,317.3746238095238,316.4547,318.3079,0.030674026831546325,ICICI Pru Liquid Fund - Regular - Growth,ICICI Prudential MF,Debt
120507,2023-08,319.3464695652174,318.2346,320.4885,0.030113665496195527,ICICI Pru Liquid Fund - Regular - Growth,ICICI Prudential MF,Debt
120507,2023-09,321.0621380952381,320.4524,321.8613,0.020362331235949462,ICICI Pru Liquid Fund - Regular - Growth,ICICI Prudential MF,Debt
120507,2023-10,322.78184090909093,321.9813,323.6234,0.023961339906711454,ICICI Pru Liquid Fund - Regular - Growth,ICICI Prudential MF,Debt
120507,2023-11,324.93459545454544,323.8956,325.6204,0.028839669551823256,ICICI Pru Liquid Fund - Regular - Growth,ICICI Prudential MF,Debt
120507,2023-12,326.5723095238095,325.6341,327.5756,0.027893850383271707,ICICI Pru Liquid Fund - Regular - Growth,ICICI Prudential MF,Debt
120507,2024-01,328.6042869565218,327.5534,329.685,0.028485141228724663,ICICI Pru Liquid Fund - Regular - Growth,ICICI Prudential MF,Debt
120507,2024-02,331.01897142857143,329.6568,332.0079,0.033444507616396967,ICICI Pru Liquid Fund - Regular - Growth,ICICI Prudential MF,Debt
120507,2024-03,332.7295476190476,332.1047,333.429,0.020344483917753113,ICICI Pru Liquid Fund - Regular - Growth,ICICI Prudential MF,Debt
120507,2024-04,334.5295363636364,333.3963,335.7851,0.03201467443054815,ICICI Pru Liquid Fund - Regular - Growth,ICICI Prudential MF,Debt
120507,2024-05,336.63902173913044,335.784,337.4051,0.020589035734508404,ICICI Pru Liquid Fund - Regular - Growth,ICICI Prudential MF,Debt
120507,2024-06,338.04792499999996,337.4286,339.0093,0.02411533733618796,ICICI Pru Liquid Fund - Regular - Growth,ICICI Prudential MF,Debt
120507,2024-07,340.35593913043476,339.333,341.048,0.02312876620334306,ICICI Pru Liquid Fund - Regular - Growth,ICICI Prudential MF,Debt
120507,2024-08,342.0721772727273,340.747,343.3646,0.033861179460364384,ICICI Pru Liquid Fund - Regular - Growth,ICICI Prudential MF,Debt
120507,2024-09,344.40312857142857,343.3923,345.3943,0.028075220567258502,ICICI Pru Liquid Fund - Regular - Growth,ICICI Prudential MF,Debt
120507,2024-10,346.3446956521739,345.4177,347.594,0.027611705769885832,ICICI Pru Liquid Fund - Regular - Growth,ICICI Prudential MF,Debt
120507,2024-11,348.46569047619045,347.4488,349.6418,0.02797921115788023,ICICI Pru Liquid Fund - Regular - Growth,ICICI Prudential MF,Debt
120507,2024-12,350.6731636363636,349.8325,351.1851,0.020027415824252524,ICICI Pru Liquid Fund - Regular - Growth,ICICI Prudential MF,Debt
120507,2025-01,352.538,351.191,353.9423,0.0340113115214868,ICICI Pru Liquid Fund - Regular - Growth,ICICI Prudential MF,Debt
120507,2025-02,355.18651,354.2157,356.3374,0.03373108443966542,ICICI Pru Liquid Fund - Regular - Growth,ICICI Prudential MF,Debt
120507,2025-03,357.28821904761907,356.4115,358.3198,0.026425489555056532,ICICI Pru Liquid Fund - Regular - Growth,ICICI Prudential MF,Debt
120507,2025-04,359.46515454545454,358.2868,360.3465,0.02564595574044423,ICICI Pru Liquid Fund - Regular - Growth,ICICI Prudential MF,Debt
120507,2025-05,361.0634590909091,360.3584,361.7349,0.016794692335852037,ICICI Pru Liquid Fund - Regular - Growth,ICICI Prudential MF,Debt
120507,2025-06,363.1777714285714,361.9382,364.2103,0.03320795403554752,ICICI Pru Liquid Fund - Regular - Growth,ICICI Prudential MF,Debt
120507,2025-07,365.49049999999994,364.2888,366.5938,0.027290382194599228,ICICI Pru Liquid Fund - Regular - Growth,ICICI Prudential MF,Debt
120507,2025-08,367.3662904761905,366.6013,368.3245,0.02361225339611871,ICICI Pru Liquid Fund - Regular - Growth,ICICI Prudential MF,Debt
120507,2025-09,369.5734727272727,368.6447,370.6388,0.028478859665988333,ICICI Pru Liquid Fund - Regular - Growth,ICICI Prudential MF,Debt
120507,2025-10,371.7490217391304,370.8275,372.4189,0.020840095668748004,ICICI Pru Liquid Fund - Regular - Growth,ICICI Prudential MF,Debt
120507,2025-11,373.22626,372.5418,373.9177,0.020089716015781987,ICICI Pru Liquid Fund - Regular - Growth,ICICI Prudential MF,Debt
120507,2025-12,374.870252173913,373.9933,376.398,0.028754853970694993,ICICI Pru Liquid Fund - Regular - Growth,ICICI Prudential MF,Debt
120507,2026-01,377.9487727272727,376.6939,379.2349,0.034140956531655546,ICICI Pru Liquid Fund - Regular - Growth,ICICI Prudential MF,Debt
120507,2026-02,379.98040000000003,379.2426,380.8764,0.02160501389192047,ICICI Pru Liquid Fund - Regular - Growth,ICICI Prudential MF,Debt
120507,2026-03,381.9102363636364,380.8724,383.0932,0.026386238972316626,ICICI Pru Liquid Fund - Regular - Growth,ICICI Prudential MF,Debt
120507,2026-04,384.7002318181818,383.2788,386.1116,0.03568388417342685,ICICI Pru Liquid Fund - Regular - Growth,ICICI Prudential MF,Debt
120507,2026-05,387.50939047619045,386.3466,388.5939,0.030525265223192332,ICICI Pru Liquid Fund - Regular - Growth,ICICI Prudential MF,Debt
120841,2022-01,275.84963809523805,273.1999,281.1488,-0.04156634615405663,Kotak Bluechip Fund - Regular - Growth,Kotak Mahindra MF,Equity
120841,2022-02,268.92307,264.4357,272.9316,-0.07145949055473222,Kotak Bluechip Fund - Regular - Growth,Kotak Mahindra MF,Equity
120841,2022-03,269.51237391304346,259.2181,274.7642,-0.16192756348391396,Kotak Bluechip Fund - Regular - Growth,Kotak Mahindra MF,Equity
120841,2022-04,259.5594571428571,252.8407,264.8297,-0.03088917042595756,Kotak Bluechip Fund - Regular - Growth,Kotak Mahindra MF,Equity
120841,2022-05,257.7351272727273,254.8532,262.1183,0.02639790451348353,Kotak Bluechip Fund - Regular - Growth,Kotak Mahindra MF,Equity
120841,2022-06,258.07301363636367,248.0354,264.7635,-0.18591394505625464,Kotak Bluechip Fund - Regular - Growth,Kotak Mahindra MF,Equity
120841,2022-07,251.6863,248.5073,254.7061,0.11209462664988663,Kotak Bluechip Fund - Regular - Growth,Kotak Mahindra MF,Equity
120841,2022-08,255.0127347826087,246.6585,268.0761,0.24380909182121357,Kotak Bluechip Fund - Regular - Growth,Kotak Mahindra MF,Equity
120841,2022-09,264.29636363636365,256.9935,272.2147,0.0451090225900306,Kotak Bluechip Fund - Regular - Growth,Kotak Mahindra MF,Equity
120841,2022-10,267.28956666666664,259.1542,276.1554,0.08254699669847165,Kotak Bluechip Fund - Regular - Growth,Kotak Mahindra MF,Equity
120841,2022-11,272.96579545454546,266.199,278.1877,-0.12783462329388054,Kotak Bluechip Fund - Regular - Growth,Kotak Mahindra MF,Equity
120841,2022-12,271.77605454545454,266.8977,276.9699,0.08014783783504285,Kotak Bluechip Fund - Regular - Growth,Kotak Mahindra MF,Equity
120841,2023-01,276.91979545454546,269.8095,285.1716,-0.02404393862737113,Kotak Bluechip Fund - Regular - Growth,Kotak Mahindra MF,Equity
120841,2023-02,281.129745,272.7389,288.5087,0.2815114039973515,Kotak Bluechip Fund - Regular - Growth,Kotak Mahindra MF,Equity
120841,2023-03,286.05635652173913,279.6283,294.2756,-0.0059392715467505046,Kotak Bluechip Fund - Regular - Growth,Kotak Mahindra MF,Equity
120841,2023-04,289.36225,280.2112,294.9337,0.06090015350346145,Kotak Bluechip Fund - Regular - Growth,Kotak Mahindra MF,Equity
120841,2023-05,295.91890434782607,283.8134,309.8646,0.15258365255705994,Kotak Bluechip Fund - Regular - Growth,Kotak Mahindra MF,Equity
120841,2023-06,304.44363636363636,292.8532,310.4709,0.12366752253449098,Kotak Bluechip Fund - Regular - Growth,Kotak Mahindra MF,Equity
120841,2023-07,306.6824904761905,303.4762,310.3791,0.0660609104080929,Kotak Bluechip Fund - Regular - Growth,Kotak Mahindra MF,Equity
120841,2023-08,311.4426652173913,299.6918,328.2708,0.19893795852985935,Kotak Bluechip Fund - Regular - Growth,Kotak Mahindra MF,Equity
120841,2023-09,340.7328238095238,322.731,357.8858,0.45179474470425385,Kotak Bluechip Fund - Regular - Growth,Kotak Mahindra MF,Equity
120841,2023-10,364.94205,353.396,379.6589,0.2556946117276299,Kotak Bluechip Fund - Regular - Growth,Kotak Mahindra MF,Equity
120841,2023-11,395.6275590909091,377.4304,405.9853,0.2754437155725855,Kotak Bluechip Fund - Regular - Growth,Kotak Mahindra MF,Equity
120841,2023-12,408.8663714285715,395.3522,430.3643,0.3585596751877101,Kotak Bluechip Fund - Regular - Growth,Kotak Mahindra MF,Equity
120841,2024-01,422.9489695652174,410.079,435.7823,-0.14937577444092578,Kotak Bluechip Fund - Regular - Growth,Kotak Mahindra MF,Equity
120841,2024-02,398.22504285714285,383.9017,410.2891,-0.37356119588844466,Kotak Bluechip Fund - Regular - Growth,Kotak Mahindra MF,Equity
120841,2024-03,378.59766190476194,371.6811,383.8367,-0.024183995221698007,Kotak Bluechip Fund - Regular - Growth,Kotak Mahindra MF,Equity
120841,2024-04,385.2360954545455,375.623,396.5985,0.14879105673597212,Kotak Bluechip Fund - Regular - Growth,Kotak Mahindra MF,Equity
120841,2024-05,392.44547826086955,386.1106,401.0121,-0.05379180415884786,Kotak Bluechip Fund - Regular - Growth,Kotak Mahindra MF,Equity
120841,2024-06,397.15392,390.1063,405.4644,0.18684257684214112,Kotak Bluechip Fund - Regular - Growth,Kotak Mahindra MF,Equity
120841,2024-07,406.49869565217386,393.7194,413.6476,-0.08820530859564099,Kotak Bluechip Fund - Regular - Growth,Kotak Mahindra MF,Equity
120841,2024-08,396.76020454545454,384.3416,411.8501,0.18931714352091583,Kotak Bluechip Fund - Regular - Growth,Kotak Mahindra MF,Equity
120841,2024-09,415.1617714285714,406.0962,424.9886,-0.03650557375181737,Kotak Bluechip Fund - Regular - Growth,Kotak Mahindra MF,Equity
120841,2024-10,414.4596826086957,405.198,420.5491,-0.031899509126733984,Kotak Bluechip Fund - Regular - Growth,Kotak Mahindra MF,Equity
120841,2024-11,408.3453857142857,396.7994,418.0892,0.08498567142697315,Kotak Bluechip Fund - Regular - Growth,Kotak Mahindra MF,Equity
120841,2024-12,397.1652454545454,389.6085,407.7866,-0.17268997714041773,Kotak Bluechip Fund - Regular - Growth,Kotak Mahindra MF,Equity
120841,2025-01,386.762,377.1233,399.9266,-0.19544899569845992,Kotak Bluechip Fund - Regular - Growth,Kotak Mahindra MF,Equity
120841,2025-02,369.65599000000003,359.1996,381.1463,-0.10187845422376944,Kotak Bluechip Fund - Regular - Growth,Kotak Mahindra MF,Equity
120841,2025-03,391.18801904761904,372.1021,404.4553,0.31768745798010134,Kotak Bluechip Fund - Regular - Growth,Kotak Mahindra MF,Equity
120841,2025-04,401.4036,390.8013,410.724,0.1282773085838841,Kotak Bluechip Fund - Regular - Growth,Kotak Mahindra MF,Equity
120841,2025-05,415.20160454545453,404.204,423.6917,0.010642839426288702,Kotak Bluechip Fund - Regular - Growth,Kotak Mahindra MF,Equity
120841,2025-06,406.40065238095235,398.4171,413.011,-0.10895818088436492,Kotak Bluechip Fund - Regular - Growth,Kotak Mahindra MF,Equity
120841,2025-07,385.72758695652175,379.3562,391.1933,-0.1442170383246962,Kotak Bluechip Fund - Regular - Growth,Kotak Mahindra MF,Equity
120841,2025-08,371.18306666666666,362.8406,383.7436,-0.18104585725335542,Kotak Bluechip Fund - Regular - Growth,Kotak Mahindra MF,Equity
120841,2025-09,374.3844863636363,370.3372,379.5416,0.11311549370246224,Kotak Bluechip Fund - Regular - Growth,Kotak Mahindra MF,Equity
120841,2025-10,391.360147826087,378.4045,409.292,0.33127115944044017,Kotak Bluechip Fund - Regular - Growth,Kotak Mahindra MF,Equity
120841,2025-11,420.813245,404.7398,430.4995,0.24535508223430588,Kotak Bluechip Fund - Regular - Growth,Kotak Mahindra MF,Equity
120841,2025-12,434.93528695652174,425.4919,446.4296,0.02445093030921037,Kotak Bluechip Fund - Regular - Growth,Kotak Mahindra MF,Equity
120841,2026-01,434.11905,424.4895,451.1378,0.2037493562608047,Kotak Bluechip Fund - Regular - Growth,Kotak Mahindra MF,Equity
120841,2026-02,447.11553000000004,438.5519,455.6616,-0.09120188594904041,Kotak Bluechip Fund - Regular - Growth,Kotak Mahindra MF,Equity
120841,2026-03,433.6940590909091,420.9861,449.617,-0.17276154033123084,Kotak Bluechip Fund - Regular - Growth,Kotak Mahindra MF,Equity
120841,2026-04,438.75245454545455,427.4693,447.7052,0.1635306769788892,Kotak Bluechip Fund - Regular - Growth,Kotak Mahindra MF,Equity
120841,2026-05,466.8846380952381,443.3666,484.6292,0.427590512463663,Kotak Bluechip Fund - Regular - Growth,Kotak Mahindra MF,Equity
120842,2022-01,65.06278571428572,62.1265,66.5588,0.22807777298416432,Kotak Emerging Equity Fund - Regular - Growth,Kotak Mahindra MF,Equity
120842,2022-02,69.19865999999999,64.9879,72.685,0.5705397334046602,Kotak Emerging Equity Fund - Regular - Growth,Kotak Mahindra MF,Equity
120842,2022-03,69.27733478260869,65.5428,74.1433,-0.4438062776371328,Kotak Emerging Equity Fund - Regular - Growth,Kotak Mahindra MF,Equity
120842,2022-04,63.1504380952381,60.7034,65.8289,-0.35558764670495263,Kotak Emerging Equity Fund - Regular - Growth,Kotak Mahindra MF,Equity
120842,2022-05,60.35351818181818,59.1304,61.5107,-0.04366355668922791,Kotak Emerging Equity Fund - Regular - Growth,Kotak Mahindra MF,Equity
120842,2022-06,62.54315,61.4114,63.7993,0.15767746896564613,Kotak Emerging Equity Fund - Regular - Growth,Kotak Mahindra MF,Equity
120842,2022-07,59.46132857142857,58.0567,61.7103,-0.24734446699044166,Kotak Emerging Equity Fund - Regular - Growth,Kotak Mahindra MF,Equity
120842,2022-08,60.31759130434782,58.3331,62.8208,0.2868513581643673,Kotak Emerging Equity Fund - Regular - Growth,Kotak Mahindra MF,Equity
120842,2022-09,62.25721818181818,59.9339,64.1604,-0.027422697933266918,Kotak Emerging Equity Fund - Regular - Growth,Kotak Mahindra MF,Equity
120842,2022-10,61.79499047619048,60.4157,63.2599,0.03302294017893473,Kotak Emerging Equity Fund - Regular - Growth,Kotak Mahindra MF,Equity
120842,2022-11,60.933713636363635,59.2819,62.0066,-0.0983864713325052,Kotak Emerging Equity Fund - Regular - Growth,Kotak Mahindra MF,Equity
120842,2022-12,64.21848181818183,61.8636,68.7199,0.5317335406691795,Kotak Emerging Equity Fund - Regular - Growth,Kotak Mahindra MF,Equity
120842,2023-01,65.82156363636363,62.6018,70.1265,-0.4138972594250783,Kotak Emerging Equity Fund - Regular - Growth,Kotak Mahindra MF,Equity
120842,2023-02,63.692780000000006,62.1297,64.7573,0.14126363761338742,Kotak Emerging Equity Fund - Regular - Growth,Kotak Mahindra MF,Equity
120842,2023-03,64.01230434782609,62.2992,66.3153,0.06628892864262592,Kotak Emerging Equity Fund - Regular - Growth,Kotak Mahindra MF,Equity
120842,2023-04,65.407755,62.3874,67.5346,-0.21894420209936763,Kotak Emerging Equity Fund - Regular - Growth,Kotak Mahindra MF,Equity
120842,2023-05,65.67241304347826,62.9346,67.6481,0.28279447152724113,Kotak Emerging Equity Fund - Regular - Growth,Kotak Mahindra MF,Equity
120842,2023-06,64.27905,62.2533,67.5974,-0.2887206928829237,Kotak Emerging Equity Fund - Regular - Growth,Kotak Mahindra MF,Equity
120842,2023-07,63.39391904761905,62.0242,66.2189,0.2967725804519089,Kotak Emerging Equity Fund - Regular - Growth,Kotak Mahindra MF,Equity
120842,2023-08,69.56305217391305,65.9719,74.5564,0.5216562132466124,Kotak Emerging Equity Fund - Regular - Growth,Kotak Mahindra MF,Equity
120842,2023-09,73.78884285714285,71.6334,75.8141,0.08200706190439885,Kotak Emerging Equity Fund - Regular - Growth,Kotak Mahindra MF,Equity
120842,2023-10,75.56588636363637,73.3755,78.1378,0.1496922188987504,Kotak Emerging Equity Fund - Regular - Growth,Kotak Mahindra MF,Equity
120842,2023-11,76.34076363636363,70.9258,80.0837,-0.4345107125550983,Kotak Emerging Equity Fund - Regular - Growth,Kotak Mahindra MF,Equity
120842,2023-12,69.16159047619047,67.7764,70.6959,-0.2104748560753547,Kotak Emerging Equity Fund - Regular - Growth,Kotak Mahindra MF,Equity
120842,2024-01,67.20434347826087,65.2414,69.1154,-0.15866824167665497,Kotak Emerging Equity Fund - Regular - Growth,Kotak Mahindra MF,Equity
120842,2024-02,65.7899,64.587,67.1549,0.06562508545163392,Kotak Emerging Equity Fund - Regular - Growth,Kotak Mahindra MF,Equity
120842,2024-03,63.47469523809524,61.9611,65.1342,-0.15371936246011036,Kotak Emerging Equity Fund - Regular - Growth,Kotak Mahindra MF,Equity
120842,2024-04,62.69313181818182,61.051,64.3782,-0.016386324787813857,Kotak Emerging Equity Fund - Regular - Growth,Kotak Mahindra MF,Equity
120842,2024-05,63.42986956521739,61.7759,64.1553,0.04351251880219604,Kotak Emerging Equity Fund - Regular - Growth,Kotak Mahindra MF,Equity
120842,2024-06,64.71277,63.8535,66.407,0.1745373647452952,Kotak Emerging Equity Fund - Regular - Growth,Kotak Mahindra MF,Equity
120842,2024-07,64.99300434782609,61.8117,66.7639,-0.28985878637789647,Kotak Emerging Equity Fund - Regular - Growth,Kotak Mahindra MF,Equity
120842,2024-08,62.39777727272727,61.139,64.4181,0.07340298304435415,Kotak Emerging Equity Fund - Regular - Growth,Kotak Mahindra MF,Equity
120842,2024-09,65.4981238095238,62.8384,67.4094,0.17893073937065931,Kotak Emerging Equity Fund - Regular - Growth,Kotak Mahindra MF,Equity
120842,2024-10,63.859595652173915,60.8608,66.6967,0.10245796026661576,Kotak Emerging Equity Fund - Regular - Growth,Kotak Mahindra MF,Equity
120842,2024-11,67.14717142857143,64.9835,68.9571,-0.11574503510812746,Kotak Emerging Equity Fund - Regular - Growth,Kotak Mahindra MF,Equity
120842,2024-12,63.881786363636365,62.0495,65.7934,-0.06008138500309981,Kotak Emerging Equity Fund - Regular - Growth,Kotak Mahindra MF,Equity
120842,2025-01,70.54803043478262,65.184,74.1254,0.5305668074899897,Kotak Emerging Equity Fund - Regular - Growth,Kotak Mahindra MF,Equity
120842,2025-02,68.24345,65.9055,71.1204,-0.29649223189329665,Kotak Emerging Equity Fund - Regular - Growth,Kotak Mahindra MF,Equity
120842,2025-03,71.50658095238094,67.5765,75.1596,0.3663619669384026,Kotak Emerging Equity Fund - Regular - Growth,Kotak Mahindra MF,Equity
120842,2025-04,74.416,72.6021,75.5315,-0.04192117547000755,Kotak Emerging Equity Fund - Regular - Growth,Kotak Mahindra MF,Equity
120842,2025-05,70.67526363636364,66.7065,73.5012,-0.35585689569606965,Kotak Emerging Equity Fund - Regular - Growth,Kotak Mahindra MF,Equity
120842,2025-06,69.06530952380952,66.2019,70.8851,0.23621014405733082,Kotak Emerging Equity Fund - Regular - Growth,Kotak Mahindra MF,Equity
120842,2025-07,69.65481304347826,67.5933,71.4198,0.03705350273220653,Kotak Emerging Equity Fund - Regular - Growth,Kotak Mahindra MF,Equity
120842,2025-08,73.34001428571429,71.1129,75.2952,0.1286093816190635,Kotak Emerging Equity Fund - Regular - Growth,Kotak Mahindra MF,Equity
120842,2025-09,72.80858636363637,69.8916,74.1259,0.049931670701391415,Kotak Emerging Equity Fund - Regular - Growth,Kotak Mahindra MF,Equity
120842,2025-10,79.51053043478261,74.3001,83.298,0.4425583914594413,Kotak Emerging Equity Fund - Regular - Growth,Kotak Mahindra MF,Equity
120842,2025-11,77.509,73.2947,81.9896,-0.4095434182241508,Kotak Emerging Equity Fund - Regular - Growth,Kotak Mahindra MF,Equity
120842,2025-12,73.6141347826087,72.2833,75.7136,-0.10804105852634827,Kotak Emerging Equity Fund - Regular - Growth,Kotak Mahindra MF,Equity
120842,2026-01,69.24763181818183,66.4251,73.4051,-0.3302153408004221,Kotak Emerging Equity Fund - Regular - Growth,Kotak Mahindra MF,Equity
120842,2026-02,67.98503,65.384,69.5313,0.06492176108636727,Kotak Emerging Equity Fund - Regular - Growth,Kotak Mahindra MF,Equity
120842,2026-03,71.71201363636364,68.416,74.6071,0.2835525976994693,Kotak Emerging Equity Fund - Regular - Growth,Kotak Mahindra MF,Equity
120842,2026-04,76.21233636363637,72.996,78.6402,0.3483533706329059,Kotak Emerging Equity Fund - Regular - Growth,Kotak Mahindra MF,Equity
120842,2026-05,79.75941428571429,77.9702,82.6457,0.26252319415209624,Kotak Emerging Equity Fund - Regular - Growth,Kotak Mahindra MF,Equity
120843,2022-01,49.252599999999994,48.2456,50.8195,-0.12921560919917363,Kotak Flexicap Fund - Regular - Growth,Kotak Mahindra MF,Equity
120843,2022-02,48.433925,46.903,50.6906,0.20912425503225918,Kotak Flexicap Fund - Regular - Growth,Kotak Mahindra MF,Equity
120843,2022-03,49.19154782608696,46.2713,51.4908,-0.349709534307463,Kotak Flexicap Fund - Regular - Growth,Kotak Mahindra MF,Equity
120843,2022-04,45.66072380952381,44.8104,46.367,-0.030834686932304907,Kotak Flexicap Fund - Regular - Growth,Kotak Mahindra MF,Equity
120843,2022-05,46.59663181818182,45.3998,47.6803,0.07596469970963021,Kotak Flexicap Fund - Regular - Growth,Kotak Mahindra MF,Equity
120843,2022-06,48.47845909090909,47.5865,49.7668,0.08724266907176619,Kotak Flexicap Fund - Regular - Growth,Kotak Mahindra MF,Equity
120843,2022-07,48.53606666666666,47.2295,50.1455,0.16387060450693797,Kotak Flexicap Fund - Regular - Growth,Kotak Mahindra MF,Equity
120843,2022-08,48.5604,47.2631,49.5724,0.00021249472667259918,Kotak Flexicap Fund - Regular - Growth,Kotak Mahindra MF,Equity
120843,2022-09,50.86519545454546,49.1358,54.2745,0.3613697314159841,Kotak Flexicap Fund - Regular - Growth,Kotak Mahindra MF,Equity
120843,2022-10,54.62794761904762,52.9691,57.179,0.28857725494820213,Kotak Flexicap Fund - Regular - Growth,Kotak Mahindra MF,Equity
120843,2022-11,56.281136363636364,55.1048,57.4159,-0.012134363038502842,Kotak Flexicap Fund - Regular - Growth,Kotak Mahindra MF,Equity
120843,2022-12,57.565827272727276,55.7432,58.6314,0.15163474375176522,Kotak Flexicap Fund - Regular - Growth,Kotak Mahindra MF,Equity
120843,2023-01,60.7488,57.5984,63.4671,0.3838068560189756,Kotak Flexicap Fund - Regular - Growth,Kotak Mahindra MF,Equity
120843,2023-02,67.20928,64.2381,69.5258,0.4440378493978753,Kotak Flexicap Fund - Regular - Growth,Kotak Mahindra MF,Equity
120843,2023-03,71.85006086956523,69.703,73.2925,0.18374793872906334,Kotak Flexicap Fund - Regular - Growth,Kotak Mahindra MF,Equity
120843,2023-04,72.444935,70.7977,73.7415,-0.08437144713159371,Kotak Flexicap Fund - Regular - Growth,Kotak Mahindra MF,Equity
120843,2023-05,74.93033913043477,72.3289,76.3834,0.23823056983175148,Kotak Flexicap Fund - Regular - Growth,Kotak Mahindra MF,Equity
120843,2023-06,78.94198181818182,73.9882,81.3685,0.37911808200203045,Kotak Flexicap Fund - Regular - Growth,Kotak Mahindra MF,Equity
120843,2023-07,81.7683619047619,79.7996,83.158,-0.03909919859912457,Kotak Flexicap Fund - Regular - Growth,Kotak Mahindra MF,Equity
120843,2023-08,79.79465652173913,78.2423,81.5297,-0.054723553150283065,Kotak Flexicap Fund - Regular - Growth,Kotak Mahindra MF,Equity
120843,2023-09,81.96430952380953,79.5198,83.1484,0.20287427534980593,Kotak Flexicap Fund - Regular - Growth,Kotak Mahindra MF,Equity
120843,2023-10,83.14465454545454,79.9694,87.0172,0.13735650519010145,Kotak Flexicap Fund - Regular - Growth,Kotak Mahindra MF,Equity
120843,2023-11,85.75475454545455,82.7197,88.1325,0.06762990621185999,Kotak Flexicap Fund - Regular - Growth,Kotak Mahindra MF,Equity
120843,2023-12,87.75271428571429,85.4462,89.8173,0.03513367473177405,Kotak Flexicap Fund - Regular - Growth,Kotak Mahindra MF,Equity
120843,2024-01,85.6150347826087,81.7562,89.3089,-0.18347776044973654,Kotak Flexicap Fund - Regular - Growth,Kotak Mahindra MF,Equity
120843,2024-02,85.08362380952381,83.7894,87.1404,0.12116725238980938,Kotak Flexicap Fund - Regular - Growth,Kotak Mahindra MF,Equity
120843,2024-03,87.4240619047619,85.4259,90.7153,0.29912025681593024,Kotak Flexicap Fund - Regular - Growth,Kotak Mahindra MF,Equity
120843,2024-04,93.70534545454547,90.7195,96.1993,0.09542057077709892,Kotak Flexicap Fund - Regular - Growth,Kotak Mahindra MF,Equity
120843,2024-05,92.0852695652174,90.1712,95.0112,0.12194442264442998,Kotak Flexicap Fund - Regular - Growth,Kotak Mahindra MF,Equity
120843,2024-06,97.86286,94.1565,100.1617,0.212332737835807,Kotak Flexicap Fund - Regular - Growth,Kotak Mahindra MF,Equity
120843,2024-07,96.67391304347827,94.6418,98.6051,-0.18508033780805622,Kotak Flexicap Fund - Regular - Growth,Kotak Mahindra MF,Equity
120843,2024-08,94.32706818181818,91.1415,97.0709,-0.019928106220871863,Kotak Flexicap Fund - Regular - Growth,Kotak Mahindra MF,Equity
120843,2024-09,95.40036666666667,92.7583,99.7945,0.2742355622292615,Kotak Flexicap Fund - Regular - Growth,Kotak Mahindra MF,Equity
120843,2024-10,111.62634347826088,101.4531,122.0688,0.8840685411626028,Kotak Flexicap Fund - Regular - Growth,Kotak Mahindra MF,Equity
120843,2024-11,130.52597142857144,122.668,136.7367,0.45839103073075743,Kotak Flexicap Fund - Regular - Growth,Kotak Mahindra MF,Equity
120843,2024-12,131.27051818181818,128.629,133.6431,-0.18668110489757359,Kotak Flexicap Fund - Regular - Growth,Kotak Mahindra MF,Equity
120843,2025-01,131.13598260869566,127.9567,134.4104,0.18467619132208915,Kotak Flexicap Fund - Regular - Growth,Kotak Mahindra MF,Equity
120843,2025-02,134.83726,129.9082,137.4039,0.09993021924483089,Kotak Flexicap Fund - Regular - Growth,Kotak Mahindra MF,Equity
120843,2025-03,127.67257619047619,123.6829,134.4712,-0.3056882222435043,Kotak Flexicap Fund - Regular - Growth,Kotak Mahindra MF,Equity
120843,2025-04,125.28130454545455,122.6201,128.6802,-0.1603658771333399,Kotak Flexicap Fund - Regular - Growth,Kotak Mahindra MF,Equity
120843,2025-05,127.43588636363637,122.6583,132.1037,0.19207468792990615,Kotak Flexicap Fund - Regular - Growth,Kotak Mahindra MF,Equity
120843,2025-06,126.69299523809525,124.1352,129.0188,-0.0864605102815116,Kotak Flexicap Fund - Regular - Growth,Kotak Mahindra MF,Equity
120843,2025-07,127.48425652173914,123.6299,130.8022,0.1429242487196901,Kotak Flexicap Fund - Regular - Growth,Kotak Mahindra MF,Equity
120843,2025-08,132.53126666666668,129.9585,135.3963,0.13540267425935926,Kotak Flexicap Fund - Regular - Growth,Kotak Mahindra MF,Equity
120843,2025-09,132.0457818181818,129.7156,134.7123,-0.06695279062755274,Kotak Flexicap Fund - Regular - Growth,Kotak Mahindra MF,Equity
120843,2025-10,136.63947391304347,130.859,141.41,0.2767824949705588,Kotak Flexicap Fund - Regular - Growth,Kotak Mahindra MF,Equity
120843,2025-11,148.45208,140.9302,154.9461,0.49913255860217387,Kotak Flexicap Fund - Regular - Growth,Kotak Mahindra MF,Equity
120843,2025-12,163.96115217391304,158.4963,166.9027,0.2137259825947991,Kotak Flexicap Fund - Regular - Growth,Kotak Mahindra MF,Equity
120843,2026-01,164.36293636363635,162.2385,167.0861,0.1056950319395289,Kotak Flexicap Fund - Regular - Growth,Kotak Mahindra MF,Equity
120843,2026-02,166.126435,161.1089,169.7841,-0.09711604250267844,Kotak Flexicap Fund - Regular - Growth,Kotak Mahindra MF,Equity
120843,2026-03,162.05125,157.3064,169.9953,0.19729945217285855,Kotak Flexicap Fund - Regular - Growth,Kotak Mahindra MF,Equity
120843,2026-04,176.65953181818182,169.6283,180.7074,0.1311260352677373,Kotak Flexicap Fund - Regular - Growth,Kotak Mahindra MF,Equity
120843,2026-05,171.20186666666666,163.2397,177.2357,-0.3215822502105133,Kotak Flexicap Fund - Regular - Growth,Kotak Mahindra MF,Equity
120844,2022-01,3192.619242857143,3180.6318,3202.0804,0.03361450834282461,Kotak Liquid Fund - Regular - Growth,Kotak Mahindra MF,Debt
120844,2022-02,3213.680455,3202.6795,3220.299,0.028377142380176502,Kotak Liquid Fund - Regular - Growth,Kotak Mahindra MF,Debt
120844,2022-03,3235.8184695652176,3220.4924,3250.7857,0.04098410718157223,Kotak Liquid Fund - Regular - Growth,Kotak Mahindra MF,Debt
120844,2022-04,3260.8841523809524,3252.6914,3266.076,0.02200452515544114,Kotak Liquid Fund - Regular - Growth,Kotak Mahindra MF,Debt
120844,2022-05,3274.7843227272724,3266.9775,3279.8275,0.01943602707501891,Kotak Liquid Fund - Regular - Growth,Kotak Mahindra MF,Debt
120844,2022-06,3291.4389454545453,3279.779,3303.787,0.03309428346448587,Kotak Liquid Fund - Regular - Growth,Kotak Mahindra MF,Debt
120844,2022-07,3312.664523809524,3304.0066,3318.8728,0.02170164771133629,Kotak Liquid Fund - Regular - Growth,Kotak Mahindra MF,Debt
120844,2022-08,3330.9332434782614,3319.7643,3342.0037,0.030204489046068195,Kotak Liquid Fund - Regular - Growth,Kotak Mahindra MF,Debt
120844,2022-09,3353.3772499999995,3341.9512,3367.7784,0.03493231625276146,Kotak Liquid Fund - Regular - Growth,Kotak Mahindra MF,Debt
120844,2022-10,3374.102571428571,3367.6532,3379.1477,0.01554732794696256,Kotak Liquid Fund - Regular - Growth,Kotak Mahindra MF,Debt
120844,2022-11,3390.8609409090914,3378.2753,3397.71,0.02210272381437672,Kotak Liquid Fund - Regular - Growth,Kotak Mahindra MF,Debt
120844,2022-12,3405.489790909091,3396.7421,3417.6992,0.02996513705767628,Kotak Liquid Fund - Regular - Growth,Kotak Mahindra MF,Debt
120844,2023-01,3429.0858590909093,3419.8712,3437.9024,0.026797831817109718,Kotak Liquid Fund - Regular - Growth,Kotak Mahindra MF,Debt
120844,2023-02,3446.7133750000003,3439.7806,3455.3639,0.025340894332810372,Kotak Liquid Fund - Regular - Growth,Kotak Mahindra MF,Debt
120844,2023-03,3467.626095652174,3456.9783,3478.7143,0.02929129169620473,Kotak Liquid Fund - Regular - Growth,Kotak Mahindra MF,Debt
120844,2023-04,3492.3771549999997,3479.4493,3506.3159,0.03952657737715078,Kotak Liquid Fund - Regular - Growth,Kotak Mahindra MF,Debt
120844,2023-05,3512.867617391304,3507.5746,3516.8011,0.012297945227366183,Kotak Liquid Fund - Regular - Growth,Kotak Mahindra MF,Debt
120844,2023-06,3519.8050909090907,3514.8357,3527.5376,0.014583382751869404,Kotak Liquid Fund - Regular - Growth,Kotak Mahindra MF,Debt
120844,2023-07,3540.237647619048,3528.2321,3554.1981,0.03580895530553796,Kotak Liquid Fund - Regular - Growth,Kotak Mahindra MF,Debt
120844,2023-08,3565.8910782608696,3555.7367,3573.6152,0.022559833103608543,Kotak Liquid Fund - Regular - Growth,Kotak Mahindra MF,Debt
120844,2023-09,3584.0809809523807,3573.673,3594.747,0.02938105188600844,Kotak Liquid Fund - Regular - Growth,Kotak Mahindra MF,Debt
120844,2023-10,3609.193454545454,3595.678,3619.6553,0.03004174535822648,Kotak Liquid Fund - Regular - Growth,Kotak Mahindra MF,Debt
120844,2023-11,3633.257095454546,3618.5848,3648.6131,0.03758618036462476,Kotak Liquid Fund - Regular - Growth,Kotak Mahindra MF,Debt
120844,2023-12,3653.3756380952377,3649.405,3658.7703,0.013245461123500063,Kotak Liquid Fund - Regular - Growth,Kotak Mahindra MF,Debt
120844,2024-01,3670.9163304347826,3658.5844,3681.534,0.026976242869786872,Kotak Liquid Fund - Regular - Growth,Kotak Mahindra MF,Debt
120844,2024-02,3690.1885904761903,3680.7599,3700.8368,0.024907478111128357,Kotak Liquid Fund - Regular - Growth,Kotak Mahindra MF,Debt
120844,2024-03,3712.439552380952,3700.9767,3726.3123,0.03228602137638834,Kotak Liquid Fund - Regular - Growth,Kotak Mahindra MF,Debt
120844,2024-04,3734.4583772727274,3726.646,3738.8231,0.010324369563548381,Kotak Liquid Fund - Regular - Growth,Kotak Mahindra MF,Debt
120844,2024-05,3739.594347826087,3735.9909,3746.8846,0.014430756312707188,Kotak Liquid Fund - Regular - Growth,Kotak Mahindra MF,Debt
120844,2024-06,3759.522355,3747.5702,3771.3758,0.02990858637253454,Kotak Liquid Fund - Regular - Growth,Kotak Mahindra MF,Debt
120844,2024-07,3780.5013217391306,3769.772,3790.2619,0.024054001247158306,Kotak Liquid Fund - Regular - Growth,Kotak Mahindra MF,Debt
120844,2024-08,3796.94905,3789.2308,3804.765,0.017369734461851336,Kotak Liquid Fund - Regular - Growth,Kotak Mahindra MF,Debt
120844,2024-09,3810.2149238095235,3804.759,3816.9597,0.015241888629950776,Kotak Liquid Fund - Regular - Growth,Kotak Mahindra MF,Debt
120844,2024-10,3825.9639608695657,3816.6078,3835.7146,0.021315897897942446,Kotak Liquid Fund - Regular - Growth,Kotak Mahindra MF,Debt
120844,2024-11,3842.608557142857,3837.2368,3851.1668,0.019152963971397985,Kotak Liquid Fund - Regular - Growth,Kotak Mahindra MF,Debt
120844,2024-12,3865.6769954545452,3852.5235,3877.988,0.031555245711837994,Kotak Liquid Fund - Regular - Growth,Kotak Mahindra MF,Debt
120844,2025-01,3888.883152173913,3880.2218,3897.0674,0.020959414044682694,Kotak Liquid Fund - Regular - Growth,Kotak Mahindra MF,Debt
120844,2025-02,3903.28926,3894.3839,3913.9883,0.022116489868310694,Kotak Liquid Fund - Regular - Growth,Kotak Mahindra MF,Debt
120844,2025-03,3928.2026190476195,3916.9478,3938.4622,0.029692185189391512,Kotak Liquid Fund - Regular - Growth,Kotak Mahindra MF,Debt
120844,2025-04,3950.240040909091,3937.2969,3961.1213,0.025180904433369997,Kotak Liquid Fund - Regular - Growth,Kotak Mahindra MF,Debt
120844,2025-05,3972.9084999999995,3963.0779,3985.851,0.02920075140701227,Kotak Liquid Fund - Regular - Growth,Kotak Mahindra MF,Debt
120844,2025-06,3995.086161904762,3987.0773,4000.1208,0.016407043845751115,Kotak Liquid Fund - Regular - Growth,Kotak Mahindra MF,Debt
120844,2025-07,4014.7518304347827,4000.5594,4028.9675,0.03181367559919863,Kotak Liquid Fund - Regular - Growth,Kotak Mahindra MF,Debt
120844,2025-08,4034.9771238095236,4028.2767,4040.7663,0.013930324127354681,Kotak Liquid Fund - Regular - Growth,Kotak Mahindra MF,Debt
120844,2025-09,4051.7803727272726,4041.6833,4066.3032,0.02864298809144796,Kotak Liquid Fund - Regular - Growth,Kotak Mahindra MF,Debt
120844,2025-10,4077.3583043478257,4066.4698,4092.8478,0.028300696744534466,Kotak Liquid Fund - Regular - Growth,Kotak Mahindra MF,Debt
120844,2025-11,4108.278420000001,4092.9334,4121.0972,0.03440537006330954,Kotak Liquid Fund - Regular - Growth,Kotak Mahindra MF,Debt
120844,2025-12,4134.468804347826,4122.2745,4148.6612,0.028995510301081818,Kotak Liquid Fund - Regular - Growth,Kotak Mahindra MF,Debt
120844,2026-01,4155.242922727272,4148.1278,4167.7485,0.020873659304948024,Kotak Liquid Fund - Regular - Growth,Kotak Mahindra MF,Debt
120844,2026-02,4181.96681,4170.1262,4195.3674,0.0330338987930284,Kotak Liquid Fund - Regular - Growth,Kotak Mahindra MF,Debt
120844,2026-03,4204.944913636364,4193.7885,4212.869,0.018931048549187698,Kotak Liquid Fund - Regular - Growth,Kotak Mahindra MF,Debt
120844,2026-04,4227.403795454546,4215.0196,4236.7903,0.025744794249451808,Kotak Liquid Fund - Regular - Growth,Kotak Mahindra MF,Debt
120844,2026-05,4255.044333333333,4240.9097,4268.5497,0.03557438715810566,Kotak Liquid Fund - Regular - Growth,Kotak Mahindra MF,Debt
125497,2022-01,553.2826809523809,536.617,563.9474,0.03877933732575831,HDFC Top 100 Fund - Direct Plan - Growth,HDFC Mutual Fund,Equity
125497,2022-02,544.991735,531.5014,563.5422,-0.2111299911396125,HDFC Top 100 Fund - Direct Plan - Growth,HDFC Mutual Fund,Equity
125497,2022-03,548.7663391304347,529.6352,562.9737,0.17376207919933695,HDFC Top 100 Fund - Direct Plan - Growth,HDFC Mutual Fund,Equity
125497,2022-04,578.6486380952381,562.499,602.2871,0.17756295930198535,HDFC Top 100 Fund - Direct Plan - Growth,HDFC Mutual Fund,Equity
125497,2022-05,597.9687227272727,573.0126,620.5554,0.2921218026018039,HDFC Top 100 Fund - Direct Plan - Growth,HDFC Mutual Fund,Equity
125497,2022-06,658.0662090909091,628.331,675.03,0.29946216372568235,HDFC Top 100 Fund - Direct Plan - Growth,HDFC Mutual Fund,Equity
125497,2022-07,647.0039952380952,625.1296,669.2013,-0.27042899318115143,HDFC Top 100 Fund - Direct Plan - Growth,HDFC Mutual Fund,Equity
125497,2022-08,647.7801347826087,630.8133,661.8026,0.13906475461272333,HDFC Top 100 Fund - Direct Plan - Growth,HDFC Mutual Fund,Equity
125497,2022-09,675.4237727272728,651.889,695.2598,0.25485458805731576,HDFC Top 100 Fund - Direct Plan - Growth,HDFC Mutual Fund,Equity
125497,2022-10,666.6887095238095,647.3268,687.9638,-0.17727514314251636,HDFC Top 100 Fund - Direct Plan - Growth,HDFC Mutual Fund,Equity
125497,2022-11,662.6098727272728,652.3538,671.5872,0.06582426804940257,HDFC Top 100 Fund - Direct Plan - Growth,HDFC Mutual Fund,Equity
125497,2022-12,648.9731181818182,635.4862,670.3762,-0.19912565395632997,HDFC Top 100 Fund - Direct Plan - Growth,HDFC Mutual Fund,Equity
125497,2023-01,646.2433818181818,629.4406,664.6841,0.13224229395996756,HDFC Top 100 Fund - Direct Plan - Growth,HDFC Mutual Fund,Equity
125497,2023-02,657.917005,646.6954,674.6227,0.11190871953832449,HDFC Top 100 Fund - Direct Plan - Growth,HDFC Mutual Fund,Equity
125497,2023-03,672.5623608695653,658.7613,685.6143,0.08732052383697515,HDFC Top 100 Fund - Direct Plan - Growth,HDFC Mutual Fund,Equity
125497,2023-04,684.535285,674.0462,696.6965,0.028003094142394214,HDFC Top 100 Fund - Direct Plan - Growth,HDFC Mutual Fund,Equity
125497,2023-05,694.6762347826087,659.7093,732.2056,0.30033589925319837,HDFC Top 100 Fund - Direct Plan - Growth,HDFC Mutual Fund,Equity
125497,2023-06,738.1426409090909,718.1775,770.7397,0.2369423108048582,HDFC Top 100 Fund - Direct Plan - Growth,HDFC Mutual Fund,Equity
125497,2023-07,726.1928904761904,706.1732,751.3057,-0.39962911119629846,HDFC Top 100 Fund - Direct Plan - Growth,HDFC Mutual Fund,Equity
125497,2023-08,705.4020434782608,687.2204,751.7106,0.26722079763244844,HDFC Top 100 Fund - Direct Plan - Growth,HDFC Mutual Fund,Equity
125497,2023-09,744.4619238095238,726.6141,759.6272,-0.03384916001421622,HDFC Top 100 Fund - Direct Plan - Growth,HDFC Mutual Fund,Equity
125497,2023-10,768.1805772727272,745.7649,788.7201,0.22582130721565827,HDFC Top 100 Fund - Direct Plan - Growth,HDFC Mutual Fund,Equity
125497,2023-11,804.5311227272728,787.7704,821.1339,0.17263761809302547,HDFC Top 100 Fund - Direct Plan - Growth,HDFC Mutual Fund,Equity
125497,2023-12,833.7737571428571,817.3157,857.869,0.18139498410168514,HDFC Top 100 Fund - Direct Plan - Growth,HDFC Mutual Fund,Equity
125497,2024-01,816.3767347826087,787.1542,841.5485,-0.08639241490534809,HDFC Top 100 Fund - Direct Plan - Growth,HDFC Mutual Fund,Equity
125497,2024-02,828.0536666666667,796.3083,844.0821,-0.17287500500113376,HDFC Top 100 Fund - Direct Plan - Growth,HDFC Mutual Fund,Equity
125497,2024-03,811.931219047619,799.3449,823.6026,0.11682466220869109,HDFC Top 100 Fund - Direct Plan - Growth,HDFC Mutual Fund,Equity
125497,2024-04,818.5227954545454,804.3243,832.9028,-0.040931680732946917,HDFC Top 100 Fund - Direct Plan - Growth,HDFC Mutual Fund,Equity
125497,2024-05,816.3602999999999,793.8031,832.4174,-0.0506768934968545,HDFC Top 100 Fund - Direct Plan - Growth,HDFC Mutual Fund,Equity
125497,2024-06,798.120465,775.3852,819.5294,0.14390675962289934,HDFC Top 100 Fund - Direct Plan - Growth,HDFC Mutual Fund,Equity
125497,2024-07,820.6856739130434,800.9545,837.5433,-0.09566176945350816,HDFC Top 100 Fund - Direct Plan - Growth,HDFC Mutual Fund,Equity
125497,2024-08,791.6132136363635,770.3649,811.9229,0.011538291710628206,HDFC Top 100 Fund - Direct Plan - Growth,HDFC Mutual Fund,Equity
125497,2024-09,774.205619047619,741.31,798.0478,-0.349094778791885,HDFC Top 100 Fund - Direct Plan - Growth,HDFC Mutual Fund,Equity
125497,2024-10,762.7664956521738,734.1983,790.19,0.2538970459670404,HDFC Top 100 Fund - Direct Plan - Growth,HDFC Mutual Fund,Equity
125497,2024-11,764.901461904762,753.0284,779.9421,-0.13368238278720726,HDFC Top 100 Fund - Direct Plan - Growth,HDFC Mutual Fund,Equity
125497,2024-12,766.5799727272727,728.4784,789.2852,-0.22395924803884332,HDFC Top 100 Fund - Direct Plan - Growth,HDFC Mutual Fund,Equity
125497,2025-01,762.7695347826087,727.4728,788.5038,0.29748818159677326,HDFC Top 100 Fund - Direct Plan - Growth,HDFC Mutual Fund,Equity
125497,2025-02,785.604535,771.5856,806.4566,0.17331431633147265,HDFC Top 100 Fund - Direct Plan - Growth,HDFC Mutual Fund,Equity
125497,2025-03,800.7964523809524,777.4241,822.1417,0.06427386095521227,HDFC Top 100 Fund - Direct Plan - Growth,HDFC Mutual Fund,Equity
125497,2025-04,854.8145272727273,827.4235,891.755,0.3385222177375847,HDFC Top 100 Fund - Direct Plan - Growth,HDFC Mutual Fund,Equity
125497,2025-05,917.2531454545453,884.6016,946.2803,0.33966601091966075,HDFC Top 100 Fund - Direct Plan - Growth,HDFC Mutual Fund,Equity
125497,2025-06,920.7824142857144,897.2362,947.7207,-0.1347816011380919,HDFC Top 100 Fund - Direct Plan - Growth,HDFC Mutual Fund,Equity
125497,2025-07,924.7541608695651,906.2133,941.8856,0.09944230788863326,HDFC Top 100 Fund - Direct Plan - Growth,HDFC Mutual Fund,Equity
125497,2025-08,951.2618333333334,934.6574,975.2467,0.13768900589733565,HDFC Top 100 Fund - Direct Plan - Growth,HDFC Mutual Fund,Equity
125497,2025-09,948.5040409090908,917.7939,1002.2649,0.13692532967862364,HDFC Top 100 Fund - Direct Plan - Growth,HDFC Mutual Fund,Equity
125497,2025-10,995.3293695652173,973.4931,1015.9409,-0.09145973377052793,HDFC Top 100 Fund - Direct Plan - Growth,HDFC Mutual Fund,Equity
125497,2025-11,967.363705,946.7033,982.5975,0.0070015233542603025,HDFC Top 100 Fund - Direct Plan - Growth,HDFC Mutual Fund,Equity
125497,2025-12,1007.4378608695653,986.3407,1040.8503,0.17029854830520233,HDFC Top 100 Fund - Direct Plan - Growth,HDFC Mutual Fund,Equity
125497,2026-01,1050.521009090909,1012.8855,1087.9675,0.31311507501373176,HDFC Top 100 Fund - Direct Plan - Growth,HDFC Mutual Fund,Equity
125497,2026-02,1099.51759,1079.3426,1117.8145,0.10418400084017568,HDFC Top 100 Fund - Direct Plan - Growth,HDFC Mutual Fund,Equity
125497,2026-03,1158.6380636363638,1097.5512,1224.703,0.47050664158968875,HDFC Top 100 Fund - Direct Plan - Growth,HDFC Mutual Fund,Equity
125497,2026-04,1236.762909090909,1165.4197,1286.0621,-0.2192817072306826,HDFC Top 100 Fund - Direct Plan - Growth,HDFC Mutual Fund,Equity
125497,2026-05,1203.6155,1163.2119,1229.7696,0.16371189872218267,HDFC Top 100 Fund - Direct Plan - Growth,HDFC Mutual Fund,Equity
125498,2022-01,113.80052857142857,110.1219,117.5969,-0.12493116133473425,HDFC Mid-Cap Opportunities Fund - Direct - Growth,HDFC Mutual Fund,Equity
125498,2022-02,110.17650499999999,105.7475,115.7295,-0.3427689942760692,HDFC Mid-Cap Opportunities Fund - Direct - Growth,HDFC Mutual Fund,Equity
125498,2022-03,103.71440869565217,100.2349,106.8571,-0.14922221579158712,HDFC Mid-Cap Opportunities Fund - Direct - Growth,HDFC Mutual Fund,Equity
125498,2022-04,103.25670476190477,100.3077,105.8553,0.058776609088896835,HDFC Mid-Cap Opportunities Fund - Direct - Growth,HDFC Mutual Fund,Equity
125498,2022-05,102.32906363636363,100.5777,104.4936,0.024655505125489086,HDFC Mid-Cap Opportunities Fund - Direct - Growth,HDFC Mutual Fund,Equity
125498,2022-06,104.92970909090909,99.5501,109.634,-0.13739958184762024,HDFC Mid-Cap Opportunities Fund - Direct - Growth,HDFC Mutual Fund,Equity
125498,2022-07,106.28209047619046,102.0542,110.4011,0.4001375039275456,HDFC Mid-Cap Opportunities Fund - Direct - Growth,HDFC Mutual Fund,Equity
125498,2022-08,112.76827826086956,107.5459,117.7378,0.1977503047443833,HDFC Mid-Cap Opportunities Fund - Direct - Growth,HDFC Mutual Fund,Equity
125498,2022-09,111.23269090909092,106.6502,115.5195,-0.04464009784733967,HDFC Mid-Cap Opportunities Fund - Direct - Growth,HDFC Mutual Fund,Equity
125498,2022-10,115.28513333333333,113.0855,117.2197,-0.020435816656112698,HDFC Mid-Cap Opportunities Fund - Direct - Growth,HDFC Mutual Fund,Equity
125498,2022-11,117.16108636363637,114.4619,119.2163,0.15823389367455462,HDFC Mid-Cap Opportunities Fund - Direct - Growth,HDFC Mutual Fund,Equity
125498,2022-12,114.47960454545455,111.9926,118.1645,-0.03155175980442175,HDFC Mid-Cap Opportunities Fund - Direct - Growth,HDFC Mutual Fund,Equity
125498,2023-01,115.60694090909091,111.8003,118.2586,0.036292614032890566,HDFC Mid-Cap Opportunities Fund - Direct - Growth,HDFC Mutual Fund,Equity
125498,2023-02,116.64518000000001,113.3429,121.5191,0.20748023648663905,HDFC Mid-Cap Opportunities Fund - Direct - Growth,HDFC Mutual Fund,Equity
125498,2023-03,125.62236086956521,120.4527,135.3585,0.4344457146098522,HDFC Mid-Cap Opportunities Fund - Direct - Growth,HDFC Mutual Fund,Equity
125498,2023-04,132.389315,130.9048,135.4026,-0.002919713835958804,HDFC Mid-Cap Opportunities Fund - Direct - Growth,HDFC Mutual Fund,Equity
125498,2023-05,134.4076652173913,131.9814,136.8198,0.08595575388872573,HDFC Mid-Cap Opportunities Fund - Direct - Growth,HDFC Mutual Fund,Equity
125498,2023-06,131.5776,125.8403,139.8929,-0.30347373075494044,HDFC Mid-Cap Opportunities Fund - Direct - Growth,HDFC Mutual Fund,Equity
125498,2023-07,130.0219238095238,127.5353,133.3786,0.07249156857230818,HDFC Mid-Cap Opportunities Fund - Direct - Growth,HDFC Mutual Fund,Equity
125498,2023-08,129.2545695652174,125.8608,135.7491,0.18746315305100886,HDFC Mid-Cap Opportunities Fund - Direct - Growth,HDFC Mutual Fund,Equity
125498,2023-09,133.78961904761906,130.7559,140.3514,0.21551451763326296,HDFC Mid-Cap Opportunities Fund - Direct - Growth,HDFC Mutual Fund,Equity
125498,2023-10,143.44347727272728,140.6364,145.3499,0.0832623974670513,HDFC Mid-Cap Opportunities Fund - Direct - Growth,HDFC Mutual Fund,Equity
125498,2023-11,143.23747272727272,138.9214,146.2819,0.11733221993075368,HDFC Mid-Cap Opportunities Fund - Direct - Growth,HDFC Mutual Fund,Equity
125498,2023-12,144.86305238095238,142.512,149.9658,-0.11269244442271605,HDFC Mid-Cap Opportunities Fund - Direct - Growth,HDFC Mutual Fund,Equity
125498,2024-01,141.40169999999998,137.4514,144.4569,-0.11108586335932379,HDFC Mid-Cap Opportunities Fund - Direct - Growth,HDFC Mutual Fund,Equity
125498,2024-02,139.5348523809524,136.4553,141.7296,-0.045055814977772765,HDFC Mid-Cap Opportunities Fund - Direct - Growth,HDFC Mutual Fund,Equity
125498,2024-03,134.43266666666668,129.2247,140.5406,-0.15969424217713934,HDFC Mid-Cap Opportunities Fund - Direct - Growth,HDFC Mutual Fund,Equity
125498,2024-04,135.71688636363635,132.9769,140.3982,0.20301981916303513,HDFC Mid-Cap Opportunities Fund - Direct - Growth,HDFC Mutual Fund,Equity
125498,2024-05,136.48303913043478,131.6376,140.2489,-0.2165290618111881,HDFC Mid-Cap Opportunities Fund - Direct - Growth,HDFC Mutual Fund,Equity
125498,2024-06,131.75355,127.8837,136.8127,-0.004335743835582872,HDFC Mid-Cap Opportunities Fund - Direct - Growth,HDFC Mutual Fund,Equity
125498,2024-07,133.1321,128.976,136.3889,0.08551277100491415,HDFC Mid-Cap Opportunities Fund - Direct - Growth,HDFC Mutual Fund,Equity
125498,2024-08,137.7414090909091,135.3693,140.0869,0.15214258235007075,HDFC Mid-Cap Opportunities Fund - Direct - Growth,HDFC Mutual Fund,Equity
125498,2024-09,145.0227476190476,136.0363,155.3195,0.5633083252616022,HDFC Mid-Cap Opportunities Fund - Direct - Growth,HDFC Mutual Fund,Equity
125498,2024-10,154.21169565217392,152.1073,157.8918,-0.06482302613098127,HDFC Mid-Cap Opportunities Fund - Direct - Growth,HDFC Mutual Fund,Equity
125498,2024-11,153.4826380952381,148.6059,159.3343,0.07649010585679207,HDFC Mid-Cap Opportunities Fund - Direct - Growth,HDFC Mutual Fund,Equity
125498,2024-12,156.55992272727272,151.8123,163.3372,0.007813055920454094,HDFC Mid-Cap Opportunities Fund - Direct - Growth,HDFC Mutual Fund,Equity
125498,2025-01,151.24114347826088,147.3513,156.7136,-0.09582387579974691,HDFC Mid-Cap Opportunities Fund - Direct - Growth,HDFC Mutual Fund,Equity
125498,2025-02,154.009715,149.3363,163.1294,0.3781793565877157,HDFC Mid-Cap Opportunities Fund - Direct - Growth,HDFC Mutual Fund,Equity
125498,2025-03,165.0752761904762,161.2963,167.8925,0.07273272924717504,HDFC Mid-Cap Opportunities Fund - Direct - Growth,HDFC Mutual Fund,Equity
125498,2025-04,162.77974090909092,157.5206,168.9962,-0.09530926500023135,HDFC Mid-Cap Opportunities Fund - Direct - Growth,HDFC Mutual Fund,Equity
125498,2025-05,162.35491363636365,158.9751,166.2436,0.12998387365295117,HDFC Mid-Cap Opportunities Fund - Direct - Growth,HDFC Mutual Fund,Equity
125498,2025-06,159.80329999999998,156.1957,165.4842,-0.21656337748377363,HDFC Mid-Cap Opportunities Fund - Direct - Growth,HDFC Mutual Fund,Equity
125498,2025-07,160.3343347826087,153.1048,165.4298,-0.1451339305570833,HDFC Mid-Cap Opportunities Fund - Direct - Growth,HDFC Mutual Fund,Equity
125498,2025-08,144.0461380952381,136.8822,151.2905,-0.5195645489821363,HDFC Mid-Cap Opportunities Fund - Direct - Growth,HDFC Mutual Fund,Equity
125498,2025-09,137.59545,133.3088,141.1519,0.0975675442996916,HDFC Mid-Cap Opportunities Fund - Direct - Growth,HDFC Mutual Fund,Equity
125498,2025-10,148.76922173913044,140.8741,157.6351,0.5294935902064482,HDFC Mid-Cap Opportunities Fund - Direct - Growth,HDFC Mutual Fund,Equity
125498,2025-11,160.57132,154.862,165.6762,0.028153441266710044,HDFC Mid-Cap Opportunities Fund - Direct - Growth,HDFC Mutual Fund,Equity
125498,2025-12,157.43225217391304,152.1743,162.1563,-0.07871413976945692,HDFC Mid-Cap Opportunities Fund - Direct - Growth,HDFC Mutual Fund,Equity
125498,2026-01,159.10975909090908,156.1168,162.6652,0.2187437407659153,HDFC Mid-Cap Opportunities Fund - Direct - Growth,HDFC Mutual Fund,Equity
125498,2026-02,168.25615,162.3609,176.4843,0.4113499442467683,HDFC Mid-Cap Opportunities Fund - Direct - Growth,HDFC Mutual Fund,Equity
125498,2026-03,172.01010454545454,163.4697,177.3286,-0.0951866727658775,HDFC Mid-Cap Opportunities Fund - Direct - Growth,HDFC Mutual Fund,Equity
125498,2026-04,179.46848636363637,173.1277,186.8107,0.3674458527941773,HDFC Mid-Cap Opportunities Fund - Direct - Growth,HDFC Mutual Fund,Equity
125498,2026-05,187.84033333333332,181.4267,193.5136,0.04633154052936677,HDFC Mid-Cap Opportunities Fund - Direct - Growth,HDFC Mutual Fund,Equity
148567,2022-01,75.95284761904762,70.2514,79.1132,0.48589381893164696,Mirae Asset Large Cap Fund - Regular - Growth,Mirae Asset MF,Equity
148567,2022-02,79.71603999999999,78.0318,81.199,0.11394297332624373,Mirae Asset Large Cap Fund - Regular - Growth,Mirae Asset MF,Equity
148567,2022-03,80.53794782608696,78.0942,82.1507,0.16773477437172477,Mirae Asset Large Cap Fund - Regular - Growth,Mirae Asset MF,Equity
148567,2022-04,83.09455238095238,80.8707,85.6382,0.06734295868972111,Mirae Asset Large Cap Fund - Regular - Growth,Mirae Asset MF,Equity
148567,2022-05,84.29552272727273,82.512,86.4082,0.07121786786701483,Mirae Asset Large Cap Fund - Regular - Growth,Mirae Asset MF,Equity
148567,2022-06,86.66405909090909,84.3783,89.5625,0.2070186170680186,Mirae Asset Large Cap Fund - Regular - Growth,Mirae Asset MF,Equity
148567,2022-07,87.4725238095238,85.4121,89.7479,-0.006096531724184686,Mirae Asset Large Cap Fund - Regular - Growth,Mirae Asset MF,Equity
148567,2022-08,88.03530869565218,85.9047,89.9808,0.008784536206078908,Mirae Asset Large Cap Fund - Regular - Growth,Mirae Asset MF,Equity
148567,2022-09,90.35849545454545,87.2063,92.973,0.1906483764751746,Mirae Asset Large Cap Fund - Regular - Growth,Mirae Asset MF,Equity
148567,2022-10,92.97990952380952,91.2046,94.8233,0.12130150241100707,Mirae Asset Large Cap Fund - Regular - Growth,Mirae Asset MF,Equity
148567,2022-11,95.60093181818182,92.8482,97.3662,0.02029140201575512,Mirae Asset Large Cap Fund - Regular - Growth,Mirae Asset MF,Equity
148567,2022-12,98.06952272727273,95.475,101.05,0.06513126168544867,Mirae Asset Large Cap Fund - Regular - Growth,Mirae Asset MF,Equity
148567,2023-01,98.15266818181817,95.1976,100.7991,0.14275541640454262,Mirae Asset Large Cap Fund - Regular - Growth,Mirae Asset MF,Equity
148567,2023-02,95.51153000000001,93.1235,99.0347,-0.21958817415381526,Mirae Asset Large Cap Fund - Regular - Growth,Mirae Asset MF,Equity
148567,2023-03,94.3157652173913,91.1752,97.3741,-0.14558366877159884,Mirae Asset Large Cap Fund - Regular - Growth,Mirae Asset MF,Equity
148567,2023-04,92.79273,90.2735,95.3829,0.20086500737338642,Mirae Asset Large Cap Fund - Regular - Growth,Mirae Asset MF,Equity
148567,2023-05,94.50989565217392,92.4131,96.1521,0.04732729473350659,Mirae Asset Large Cap Fund - Regular - Growth,Mirae Asset MF,Equity
148567,2023-06,97.39091363636363,95.7673,100.1693,0.20411731534861452,Mirae Asset Large Cap Fund - Regular - Growth,Mirae Asset MF,Equity
148567,2023-07,98.48713809523808,95.2109,101.8496,-0.08860902374379087,Mirae Asset Large Cap Fund - Regular - Growth,Mirae Asset MF,Equity
148567,2023-08,95.39212173913043,93.0268,97.6976,-0.22504813136290863,Mirae Asset Large Cap Fund - Regular - Growth,Mirae Asset MF,Equity
148567,2023-09,92.5700761904762,91.8058,94.1277,0.012671819570460792,Mirae Asset Large Cap Fund - Regular - Growth,Mirae Asset MF,Equity
148567,2023-10,91.67731363636364,90.3755,94.824,0.07400183295923823,Mirae Asset Large Cap Fund - Regular - Growth,Mirae Asset MF,Equity
148567,2023-11,96.05925,94.5054,97.1581,0.11317041865432413,Mirae Asset Large Cap Fund - Regular - Growth,Mirae Asset MF,Equity
148567,2023-12,96.7117619047619,92.8839,100.1206,-0.20788812112112207,Mirae Asset Large Cap Fund - Regular - Growth,Mirae Asset MF,Equity
148567,2024-01,95.53386956521739,91.9355,98.2251,0.20693182056049886,Mirae Asset Large Cap Fund - Regular - Growth,Mirae Asset MF,Equity
148567,2024-02,101.52010952380954,96.0019,110.0345,0.5916359662162667,Mirae Asset Large Cap Fund - Regular - Growth,Mirae Asset MF,Equity
148567,2024-03,111.99870000000001,110.4136,116.0732,0.25913340068411156,Mirae Asset Large Cap Fund - Regular - Growth,Mirae Asset MF,Equity
148567,2024-04,118.44557727272728,116.5204,122.1219,0.09894241271068314,Mirae Asset Large Cap Fund - Regular - Growth,Mirae Asset MF,Equity
148567,2024-05,117.42194347826089,115.7073,118.5644,-0.009522448500744726,Mirae Asset Large Cap Fund - Regular - Growth,Mirae Asset MF,Equity
148567,2024-06,120.73865,117.95,123.2211,0.14580404401853767,Mirae Asset Large Cap Fund - Regular - Growth,Mirae Asset MF,Equity
148567,2024-07,123.37770869565217,119.8866,126.3598,0.16750622692113537,Mirae Asset Large Cap Fund - Regular - Growth,Mirae Asset MF,Equity
148567,2024-08,127.49091818181819,125.6493,129.0856,0.03376890344296909,Mirae Asset Large Cap Fund - Regular - Growth,Mirae Asset MF,Equity
148567,2024-09,130.60742380952382,128.3864,132.2791,0.18529998524897248,Mirae Asset Large Cap Fund - Regular - Growth,Mirae Asset MF,Equity
148567,2024-10,132.5378652173913,130.3807,137.8986,0.1890719994146096,Mirae Asset Large Cap Fund - Regular - Growth,Mirae Asset MF,Equity
148567,2024-11,147.84524285714284,138.6445,154.0228,0.5178790285806827,Mirae Asset Large Cap Fund - Regular - Growth,Mirae Asset MF,Equity
148567,2024-12,160.04108636363637,152.3499,166.5811,0.3264756636432119,Mirae Asset Large Cap Fund - Regular - Growth,Mirae Asset MF,Equity
148567,2025-01,169.12442173913044,164.1035,173.5528,-0.013827994124569223,Mirae Asset Large Cap Fund - Regular - Growth,Mirae Asset MF,Equity
148567,2025-02,164.5599,160.1241,170.0853,0.17721866746636614,Mirae Asset Large Cap Fund - Regular - Growth,Mirae Asset MF,Equity
148567,2025-03,169.5765380952381,164.9416,174.1302,0.061042051681149866,Mirae Asset Large Cap Fund - Regular - Growth,Mirae Asset MF,Equity
148567,2025-04,181.04271363636363,172.9497,189.0556,0.3981215612347297,Mirae Asset Large Cap Fund - Regular - Growth,Mirae Asset MF,Equity
148567,2025-05,189.8065318181818,184.3136,194.9229,0.12543447574460587,Mirae Asset Large Cap Fund - Regular - Growth,Mirae Asset MF,Equity
148567,2025-06,200.63135714285713,195.6349,205.4669,0.19292000522107342,Mirae Asset Large Cap Fund - Regular - Growth,Mirae Asset MF,Equity
148567,2025-07,208.82373478260868,202.2337,217.7544,0.25206090113329294,Mirae Asset Large Cap Fund - Regular - Growth,Mirae Asset MF,Equity
148567,2025-08,209.21835238095238,204.2557,218.7057,0.14790308699004218,Mirae Asset Large Cap Fund - Regular - Growth,Mirae Asset MF,Equity
148567,2025-09,219.01076363636363,215.2349,222.9963,-0.020985480963755312,Mirae Asset Large Cap Fund - Regular - Growth,Mirae Asset MF,Equity
148567,2025-10,222.48485652173915,218.6527,226.8262,0.039056026485441,Mirae Asset Large Cap Fund - Regular - Growth,Mirae Asset MF,Equity
148567,2025-11,223.356815,219.2248,229.8919,0.23873852567587783,Mirae Asset Large Cap Fund - Regular - Growth,Mirae Asset MF,Equity
148567,2025-12,231.70850869565217,227.9218,236.9011,0.13327451854131098,Mirae Asset Large Cap Fund - Regular - Growth,Mirae Asset MF,Equity
148567,2026-01,229.3945590909091,218.8448,239.2674,-0.27050071450990054,Mirae Asset Large Cap Fund - Regular - Growth,Mirae Asset MF,Equity
148567,2026-02,225.702,220.4947,230.4602,0.01238654447068721,Mirae Asset Large Cap Fund - Regular - Growth,Mirae Asset MF,Equity
148567,2026-03,232.82468636363637,220.3717,244.6075,0.41812401665270543,Mirae Asset Large Cap Fund - Regular - Growth,Mirae Asset MF,Equity
148567,2026-04,244.26874545454547,239.3131,251.6557,-0.02213843827476479,Mirae Asset Large Cap Fund - Regular - Growth,Mirae Asset MF,Equity
148567,2026-05,238.21832857142857,229.4356,248.9371,-0.2550897927209438,Mirae Asset Large Cap Fund - Regular - Growth,Mirae Asset MF,Equity
148568,2022-01,83.96837619047619,81.63,85.4096,-0.05618707592490389,Mirae Asset Emerging Bluechip Fund - Regular - Growth,Mirae Asset MF,Equity
148568,2022-02,81.304945,79.3949,83.5631,-0.2051574460484218,Mirae Asset Emerging Bluechip Fund - Regular - Growth,Mirae Asset MF,Equity
148568,2022-03,83.28732173913043,80.0924,87.1769,0.2959392643041777,Mirae Asset Emerging Bluechip Fund - Regular - Growth,Mirae Asset MF,Equity
148568,2022-04,84.96755238095238,83.6257,86.3763,-0.07845321841509875,Mirae Asset Emerging Bluechip Fund - Regular - Growth,Mirae Asset MF,Equity
148568,2022-05,83.46312272727272,81.4214,84.6527,-0.12161593182879206,Mirae Asset Emerging Bluechip Fund - Regular - Growth,Mirae Asset MF,Equity
148568,2022-06,83.3369,80.9735,85.423,0.14432447267402942,Mirae Asset Emerging Bluechip Fund - Regular - Growth,Mirae Asset MF,Equity
148568,2022-07,82.49371428571428,80.9775,84.5222,-0.14484326461370267,Mirae Asset Emerging Bluechip Fund - Regular - Growth,Mirae Asset MF,Equity
148568,2022-08,85.4380043478261,80.3969,89.6962,0.4259445940812459,Mirae Asset Emerging Bluechip Fund - Regular - Growth,Mirae Asset MF,Equity
148568,2022-09,94.01052727272727,88.7846,95.8784,0.29662496714624226,Mirae Asset Emerging Bluechip Fund - Regular - Growth,Mirae Asset MF,Equity
148568,2022-10,101.37619047619049,96.3562,109.0143,0.6289877094125239,Mirae Asset Emerging Bluechip Fund - Regular - Growth,Mirae Asset MF,Equity
148568,2022-11,113.58458181818182,109.7424,115.8859,0.2819914822143726,Mirae Asset Emerging Bluechip Fund - Regular - Growth,Mirae Asset MF,Equity
148568,2022-12,119.291,115.1116,122.8939,0.12160614442372385,Mirae Asset Emerging Bluechip Fund - Regular - Growth,Mirae Asset MF,Equity
148568,2023-01,122.48365909090909,117.3502,127.1267,0.2654311974833648,Mirae Asset Emerging Bluechip Fund - Regular - Growth,Mirae Asset MF,Equity
148568,2023-02,126.03470999999999,123.6939,128.7728,-0.0098249600192163,Mirae Asset Emerging Bluechip Fund - Regular - Growth,Mirae Asset MF,Equity
148568,2023-03,123.7216304347826,121.6002,127.0202,-0.1342811402505217,Mirae Asset Emerging Bluechip Fund - Regular - Growth,Mirae Asset MF,Equity
148568,2023-04,128.332405,121.2653,132.214,0.3073341743732283,Mirae Asset Emerging Bluechip Fund - Regular - Growth,Mirae Asset MF,Equity
148568,2023-05,133.20380869565216,127.2943,137.3945,0.2696586652994278,Mirae Asset Emerging Bluechip Fund - Regular - Growth,Mirae Asset MF,Equity
148568,2023-06,141.0207772727273,137.7467,145.3453,0.25985448401222144,Mirae Asset Emerging Bluechip Fund - Regular - Growth,Mirae Asset MF,Equity
148568,2023-07,140.36790952380952,136.246,143.4889,-0.2840275665876381,Mirae Asset Emerging Bluechip Fund - Regular - Growth,Mirae Asset MF,Equity
148568,2023-08,143.04930869565217,136.0788,149.5107,0.395289264582695,Mirae Asset Emerging Bluechip Fund - Regular - Growth,Mirae Asset MF,Equity
148568,2023-09,150.42354285714288,147.0956,155.2454,-0.03656587738217645,Mirae Asset Emerging Bluechip Fund - Regular - Growth,Mirae Asset MF,Equity
148568,2023-10,148.4239318181818,145.2544,150.6904,-0.05740112285315628,Mirae Asset Emerging Bluechip Fund - Regular - Growth,Mirae Asset MF,Equity
148568,2023-11,147.16985454545454,143.219,149.7836,-0.09141450079385262,Mirae Asset Emerging Bluechip Fund - Regular - Growth,Mirae Asset MF,Equity
148568,2023-12,141.45402857142858,139.165,143.9804,-0.1329722676654596,Mirae Asset Emerging Bluechip Fund - Regular - Growth,Mirae Asset MF,Equity
148568,2024-01,135.17376956521738,131.5354,141.2648,-0.1197382582832418,Mirae Asset Emerging Bluechip Fund - Regular - Growth,Mirae Asset MF,Equity
148568,2024-02,140.44627142857144,135.6665,144.2769,0.31454317494200895,Mirae Asset Emerging Bluechip Fund - Regular - Growth,Mirae Asset MF,Equity
148568,2024-03,149.92174285714287,144.872,154.8785,0.24432288616608497,Mirae Asset Emerging Bluechip Fund - Regular - Growth,Mirae Asset MF,Equity
148568,2024-04,151.18166363636362,146.6228,155.4155,0.06517951621701212,Mirae Asset Emerging Bluechip Fund - Regular - Growth,Mirae Asset MF,Equity
148568,2024-05,157.02100869565217,151.5368,162.2157,0.1418732721450288,Mirae Asset Emerging Bluechip Fund - Regular - Growth,Mirae Asset MF,Equity
148568,2024-06,163.501685,159.1853,167.4084,0.18258669458273483,Mirae Asset Emerging Bluechip Fund - Regular - Growth,Mirae Asset MF,Equity
148568,2024-07,168.09668260869566,162.0003,175.0857,0.28524727893787427,Mirae Asset Emerging Bluechip Fund - Regular - Growth,Mirae Asset MF,Equity
148568,2024-08,173.25173181818184,168.0996,180.2005,-0.13045008598816424,Mirae Asset Emerging Bluechip Fund - Regular - Growth,Mirae Asset MF,Equity
148568,2024-09,171.4555142857143,168.9363,175.6397,0.16097264443430587,Mirae Asset Emerging Bluechip Fund - Regular - Growth,Mirae Asset MF,Equity
148568,2024-10,176.67111304347827,173.2218,180.7975,0.1029908214311877,Mirae Asset Emerging Bluechip Fund - Regular - Growth,Mirae Asset MF,Equity
148568,2024-11,176.59522380952382,174.513,178.1309,-0.06048426041678212,Mirae Asset Emerging Bluechip Fund - Regular - Growth,Mirae Asset MF,Equity
148568,2024-12,171.78366363636363,162.035,176.5506,-0.4039749085603995,Mirae Asset Emerging Bluechip Fund - Regular - Growth,Mirae Asset MF,Equity
148568,2025-01,166.68598695652173,162.0247,172.5206,0.06875475735284114,Mirae Asset Emerging Bluechip Fund - Regular - Growth,Mirae Asset MF,Equity
148568,2025-02,168.84073,165.2211,172.8997,0.19327374385714913,Mirae Asset Emerging Bluechip Fund - Regular - Growth,Mirae Asset MF,Equity
148568,2025-03,177.2420238095238,165.4788,185.2727,0.39935736842548863,Mirae Asset Emerging Bluechip Fund - Regular - Growth,Mirae Asset MF,Equity
148568,2025-04,182.3239409090909,178.72,186.9735,-0.15891530424242406,Mirae Asset Emerging Bluechip Fund - Regular - Growth,Mirae Asset MF,Equity
148568,2025-05,181.5515909090909,178.9664,184.6166,0.052696052665624445,Mirae Asset Emerging Bluechip Fund - Regular - Growth,Mirae Asset MF,Equity
148568,2025-06,189.20825714285715,180.719,195.4853,0.36608954279067707,Mirae Asset Emerging Bluechip Fund - Regular - Growth,Mirae Asset MF,Equity
148568,2025-07,190.7940130434783,185.2928,195.0251,-0.21839541787877673,Mirae Asset Emerging Bluechip Fund - Regular - Growth,Mirae Asset MF,Equity
148568,2025-08,182.01912380952382,178.5753,186.7474,-0.08294485107911159,Mirae Asset Emerging Bluechip Fund - Regular - Growth,Mirae Asset MF,Equity
148568,2025-09,176.56059545454545,171.7682,180.6539,-0.1459478483144604,Mirae Asset Emerging Bluechip Fund - Regular - Growth,Mirae Asset MF,Equity
148568,2025-10,182.0227913043478,175.3991,187.5339,0.23965964593367203,Mirae Asset Emerging Bluechip Fund - Regular - Growth,Mirae Asset MF,Equity
148568,2025-11,187.00723499999998,182.0431,191.5242,0.006953994602190111,Mirae Asset Emerging Bluechip Fund - Regular - Growth,Mirae Asset MF,Equity
148568,2025-12,184.88741739130435,176.7104,191.2608,0.06530325852264252,Mirae Asset Emerging Bluechip Fund - Regular - Growth,Mirae Asset MF,Equity
148568,2026-01,197.79820909090907,188.7684,201.5214,0.2647721543296773,Mirae Asset Emerging Bluechip Fund - Regular - Growth,Mirae Asset MF,Equity
148568,2026-02,193.74552,188.0696,199.804,-0.2447621625694152,Mirae Asset Emerging Bluechip Fund - Regular - Growth,Mirae Asset MF,Equity
148568,2026-03,190.71167727272726,188.4581,194.0699,0.0003460969971911456,Mirae Asset Emerging Bluechip Fund - Regular - Growth,Mirae Asset MF,Equity
148568,2026-04,201.49640454545454,191.0213,209.3612,0.3762439474284452,Mirae Asset Emerging Bluechip Fund - Regular - Growth,Mirae Asset MF,Equity
148568,2026-05,199.95044285714283,194.1395,205.451,-0.004882546438044263,Mirae Asset Emerging Bluechip Fund - Regular - Growth,Mirae Asset MF,Equity
148569,2022-01,29.360523809523812,28.6877,30.0171,0.17562229117516148,Mirae Asset Tax Saver Fund - Regular - Growth,Mirae Asset MF,Equity
148569,2022-02,29.348905000000002,28.311,30.2436,-0.013686506444280388,Mirae Asset Tax Saver Fund - Regular - Growth,Mirae Asset MF,Equity
148569,2022-03,30.43571304347826,29.1692,32.5766,0.4055068227962716,Mirae Asset Tax Saver Fund - Regular - Growth,Mirae Asset MF,Equity
148569,2022-04,33.375795238095236,31.9532,34.3231,0.1832544602085886,Mirae Asset Tax Saver Fund - Regular - Growth,Mirae Asset MF,Equity
148569,2022-05,33.32259545454545,32.429,34.1438,-0.18605638652304346,Mirae Asset Tax Saver Fund - Regular - Growth,Mirae Asset MF,Equity
148569,2022-06,34.94664090909091,32.6283,36.2789,0.43883471177741634,Mirae Asset Tax Saver Fund - Regular - Growth,Mirae Asset MF,Equity
148569,2022-07,35.546838095238094,34.69,36.6684,0.12874724255770723,Mirae Asset Tax Saver Fund - Regular - Growth,Mirae Asset MF,Equity
148569,2022-08,36.51876956521739,34.8803,38.0201,-0.19572103929504636,Mirae Asset Tax Saver Fund - Regular - Growth,Mirae Asset MF,Equity
148569,2022-09,35.926449999999996,34.73,36.6463,0.05848553905386169,Mirae Asset Tax Saver Fund - Regular - Growth,Mirae Asset MF,Equity
148569,2022-10,36.66299047619048,35.4898,37.8724,0.14141709526080323,Mirae Asset Tax Saver Fund - Regular - Growth,Mirae Asset MF,Equity
148569,2022-11,37.7747,35.4304,40.1483,0.40176189734459816,Mirae Asset Tax Saver Fund - Regular - Growth,Mirae Asset MF,Equity
148569,2022-12,41.11356363636364,39.9733,41.9677,0.26588762917293296,Mirae Asset Tax Saver Fund - Regular - Growth,Mirae Asset MF,Equity
148569,2023-01,42.452290909090905,39.4877,44.9425,0.1916002737786915,Mirae Asset Tax Saver Fund - Regular - Growth,Mirae Asset MF,Equity
148569,2023-02,45.785115000000005,43.7432,48.7183,0.5562950676162554,Mirae Asset Tax Saver Fund - Regular - Growth,Mirae Asset MF,Equity
148569,2023-03,48.4233,46.7667,50.0892,-0.1726529876360659,Mirae Asset Tax Saver Fund - Regular - Growth,Mirae Asset MF,Equity
148569,2023-04,47.234629999999996,45.5023,49.5252,0.03143754995367844,Mirae Asset Tax Saver Fund - Regular - Growth,Mirae Asset MF,Equity
148569,2023-05,45.630426086956525,44.8154,47.0442,-0.08063646993313407,Mirae Asset Tax Saver Fund - Regular - Growth,Mirae Asset MF,Equity
148569,2023-06,48.536136363636366,45.9821,51.7692,0.5364244948555738,Mirae Asset Tax Saver Fund - Regular - Growth,Mirae Asset MF,Equity
148569,2023-07,52.464685714285714,51.7751,53.3948,0.1016768250212828,Mirae Asset Tax Saver Fund - Regular - Growth,Mirae Asset MF,Equity
148569,2023-08,53.45071739130435,51.2962,54.5401,-0.07614253428623821,Mirae Asset Tax Saver Fund - Regular - Growth,Mirae Asset MF,Equity
148569,2023-09,50.691385714285715,48.7174,52.3243,-0.20216493651628667,Mirae Asset Tax Saver Fund - Regular - Growth,Mirae Asset MF,Equity
148569,2023-10,47.46586818181818,45.5973,49.8747,-0.277698553488345,Mirae Asset Tax Saver Fund - Regular - Growth,Mirae Asset MF,Equity
148569,2023-11,46.60067727272727,45.8558,48.7505,0.2074987455907517,Mirae Asset Tax Saver Fund - Regular - Growth,Mirae Asset MF,Equity
148569,2023-12,48.977985714285715,47.0355,50.8714,0.12324737959512716,Mirae Asset Tax Saver Fund - Regular - Growth,Mirae Asset MF,Equity
148569,2024-01,49.28378695652174,47.7333,50.8621,-0.190527165009599,Mirae Asset Tax Saver Fund - Regular - Growth,Mirae Asset MF,Equity
148569,2024-02,48.564142857142855,47.0403,49.3659,0.16473240709278353,Mirae Asset Tax Saver Fund - Regular - Growth,Mirae Asset MF,Equity
148569,2024-03,50.63837619047619,49.3989,52.5688,0.2690983845500356,Mirae Asset Tax Saver Fund - Regular - Growth,Mirae Asset MF,Equity
148569,2024-04,55.65778636363636,52.7196,57.4428,0.37083579324311633,Mirae Asset Tax Saver Fund - Regular - Growth,Mirae Asset MF,Equity
148569,2024-05,55.32295652173914,53.9387,56.7974,-0.15363940123692493,Mirae Asset Tax Saver Fund - Regular - Growth,Mirae Asset MF,Equity
148569,2024-06,53.942475,52.3645,54.9556,-0.008798271086926674,Mirae Asset Tax Saver Fund - Regular - Growth,Mirae Asset MF,Equity
148569,2024-07,56.58814782608695,53.7332,59.1244,0.21560055921446206,Mirae Asset Tax Saver Fund - Regular - Growth,Mirae Asset MF,Equity
148569,2024-08,59.31369545454545,57.1862,61.4417,0.21187009873877763,Mirae Asset Tax Saver Fund - Regular - Growth,Mirae Asset MF,Equity
148569,2024-09,58.688671428571425,56.9871,60.4561,-0.22030952541898877,Mirae Asset Tax Saver Fund - Regular - Growth,Mirae Asset MF,Equity
148569,2024-10,58.37085217391304,57.0334,59.617,0.1969502078496921,Mirae Asset Tax Saver Fund - Regular - Growth,Mirae Asset MF,Equity
148569,2024-11,61.032804761904764,59.958,62.1819,0.13545015410080294,Mirae Asset Tax Saver Fund - Regular - Growth,Mirae Asset MF,Equity
148569,2024-12,59.083200000000005,56.9926,60.964,-0.1237120783153472,Mirae Asset Tax Saver Fund - Regular - Growth,Mirae Asset MF,Equity
148569,2025-01,58.101082608695656,56.1914,61.3685,0.12258741054565551,Mirae Asset Tax Saver Fund - Regular - Growth,Mirae Asset MF,Equity
148569,2025-02,62.16454,60.4457,64.9698,0.32352539942914316,Mirae Asset Tax Saver Fund - Regular - Growth,Mirae Asset MF,Equity
148569,2025-03,65.90672857142857,63.1189,69.5406,0.3308779346910556,Mirae Asset Tax Saver Fund - Regular - Growth,Mirae Asset MF,Equity
148569,2025-04,70.07757272727272,67.4087,72.5125,-0.13599307497568314,Mirae Asset Tax Saver Fund - Regular - Growth,Mirae Asset MF,Equity
148569,2025-05,69.37306363636364,67.3385,72.4672,0.156503937707417,Mirae Asset Tax Saver Fund - Regular - Growth,Mirae Asset MF,Equity
148569,2025-06,67.6546,65.3327,70.2222,-0.11553575859864364,Mirae Asset Tax Saver Fund - Regular - Growth,Mirae Asset MF,Equity
148569,2025-07,70.63275217391305,68.5112,72.6584,0.15115505684140979,Mirae Asset Tax Saver Fund - Regular - Growth,Mirae Asset MF,Equity
148569,2025-08,69.60971428571429,67.851,71.4761,0.045907113615306104,Mirae Asset Tax Saver Fund - Regular - Growth,Mirae Asset MF,Equity
148569,2025-09,70.01766363636364,68.4339,71.678,-0.1468580241317761,Mirae Asset Tax Saver Fund - Regular - Growth,Mirae Asset MF,Equity
148569,2025-10,69.06141304347825,65.443,71.6101,0.1632661958910846,Mirae Asset Tax Saver Fund - Regular - Growth,Mirae Asset MF,Equity
148569,2025-11,74.62745,70.3094,79.2894,0.48938858491627657,Mirae Asset Tax Saver Fund - Regular - Growth,Mirae Asset MF,Equity
148569,2025-12,75.13690434782609,70.1891,79.62,-0.45209752860592245,Mirae Asset Tax Saver Fund - Regular - Growth,Mirae Asset MF,Equity
148569,2026-01,74.90868636363636,70.6987,76.9442,0.40357035511113093,Mirae Asset Tax Saver Fund - Regular - Growth,Mirae Asset MF,Equity
148569,2026-02,77.69065,76.3575,79.3548,0.05610300552022107,Mirae Asset Tax Saver Fund - Regular - Growth,Mirae Asset MF,Equity
148569,2026-03,80.20114545454545,77.3541,84.3374,0.38011158079109014,Mirae Asset Tax Saver Fund - Regular - Growth,Mirae Asset MF,Equity
148569,2026-04,85.22102272727273,81.9248,88.2859,0.16238241915196847,Mirae Asset Tax Saver Fund - Regular - Growth,Mirae Asset MF,Equity
148569,2026-05,90.95648571428572,86.7147,97.7435,0.5489464489739352,Mirae Asset Tax Saver Fund - Regular - Growth,Mirae Asset MF,Equity
149322,2022-01,333.1441857142857,314.0836,348.7159,-0.518890035130965,DSP Top 100 Equity Fund - Regular - Growth,DSP Mutual Fund,Equity
149322,2022-02,305.52579000000003,296.9505,311.7703,-0.19837894053683802,DSP Top 100 Equity Fund - Regular - Growth,DSP Mutual Fund,Equity
149322,2022-03,315.4694652173913,303.8717,324.5828,0.17727105989611522,DSP Top 100 Equity Fund - Regular - Growth,DSP Mutual Fund,Equity
149322,2022-04,332.76726190476194,315.1765,347.2574,0.43812988554795435,DSP Top 100 Equity Fund - Regular - Growth,DSP Mutual Fund,Equity
149322,2022-05,344.95281363636366,332.0087,353.6959,0.06249813232864276,DSP Top 100 Equity Fund - Regular - Growth,DSP Mutual Fund,Equity
149322,2022-06,337.92136363636365,327.0344,354.4765,-0.28153167970436355,DSP Top 100 Equity Fund - Regular - Growth,DSP Mutual Fund,Equity
149322,2022-07,331.94412380952383,326.1393,336.365,0.13723634779167942,DSP Top 100 Equity Fund - Regular - Growth,DSP Mutual Fund,Equity
149322,2022-08,342.14408260869567,332.2766,351.9446,0.13037989987510418,DSP Top 100 Equity Fund - Regular - Growth,DSP Mutual Fund,Equity
149322,2022-09,344.02447727272727,337.9704,348.6181,-0.10459806381579627,DSP Top 100 Equity Fund - Regular - Growth,DSP Mutual Fund,Equity
149322,2022-10,335.3614095238095,326.1132,343.0535,0.019402379510037288,DSP Top 100 Equity Fund - Regular - Growth,DSP Mutual Fund,Equity
149322,2022-11,350.90617272727275,342.6664,357.4643,0.1203079623757819,DSP Top 100 Equity Fund - Regular - Growth,DSP Mutual Fund,Equity
149322,2022-12,359.20536363636364,346.0354,367.8556,0.2062668735162032,DSP Top 100 Equity Fund - Regular - Growth,DSP Mutual Fund,Equity
149322,2023-01,370.9605818181818,360.8558,376.5035,0.1630743535672239,DSP Top 100 Equity Fund - Regular - Growth,DSP Mutual Fund,Equity
149322,2023-02,380.93424500000003,375.2757,389.7797,0.13714407943622942,DSP Top 100 Equity Fund - Regular - Growth,DSP Mutual Fund,Equity
149322,2023-03,384.3941130434782,371.7061,396.1065,-0.16750985963560422,DSP Top 100 Equity Fund - Regular - Growth,DSP Mutual Fund,Equity
149322,2023-04,359.57799,354.3503,369.7139,-0.17092600422153106,DSP Top 100 Equity Fund - Regular - Growth,DSP Mutual Fund,Equity
149322,2023-05,361.7160217391304,352.7259,369.3131,0.10226601882099513,DSP Top 100 Equity Fund - Regular - Growth,DSP Mutual Fund,Equity
149322,2023-06,386.7523318181818,367.3789,397.5852,0.2822358545812183,DSP Top 100 Equity Fund - Regular - Growth,DSP Mutual Fund,Equity
149322,2023-07,390.59723333333335,376.4315,401.0615,0.09187307163568996,DSP Top 100 Equity Fund - Regular - Growth,DSP Mutual Fund,Equity
149322,2023-08,395.9227043478261,385.3768,405.2729,0.08642356336320316,DSP Top 100 Equity Fund - Regular - Growth,DSP Mutual Fund,Equity
149322,2023-09,381.3973571428572,365.0635,401.9706,-0.4801090223543438,DSP Top 100 Equity Fund - Regular - Growth,DSP Mutual Fund,Equity
149322,2023-10,366.3445409090909,357.4238,374.1729,-0.08766745960075428,DSP Top 100 Equity Fund - Regular - Growth,DSP Mutual Fund,Equity
149322,2023-11,364.7587090909091,356.1624,372.0382,0.11815672394884486,DSP Top 100 Equity Fund - Regular - Growth,DSP Mutual Fund,Equity
149322,2023-12,383.9643523809524,371.8144,393.447,0.2186066567227614,DSP Top 100 Equity Fund - Regular - Growth,DSP Mutual Fund,Equity
149322,2024-01,393.1225695652174,381.5403,408.375,0.02528899494364547,DSP Top 100 Equity Fund - Regular - Growth,DSP Mutual Fund,Equity
149322,2024-02,399.76467142857143,387.1053,421.185,0.41053384454533914,DSP Top 100 Equity Fund - Regular - Growth,DSP Mutual Fund,Equity
149322,2024-03,422.42913333333337,405.9548,432.1875,-0.1693013504621799,DSP Top 100 Equity Fund - Regular - Growth,DSP Mutual Fund,Equity
149322,2024-04,403.9324636363636,393.8507,412.9645,0.07244509855623213,DSP Top 100 Equity Fund - Regular - Growth,DSP Mutual Fund,Equity
149322,2024-05,416.7438304347826,409.6073,423.7682,0.05834174558712239,DSP Top 100 Equity Fund - Regular - Growth,DSP Mutual Fund,Equity
149322,2024-06,421.066155,411.5851,431.4907,0.17112373670465253,DSP Top 100 Equity Fund - Regular - Growth,DSP Mutual Fund,Equity
149322,2024-07,467.3431304347826,432.0916,498.6932,0.6341969411805681,DSP Top 100 Equity Fund - Regular - Growth,DSP Mutual Fund,Equity
149322,2024-08,488.85693181818186,468.2437,502.1568,-0.2827501431752149,DSP Top 100 Equity Fund - Regular - Growth,DSP Mutual Fund,Equity
149322,2024-09,468.59230952380955,461.2321,477.7311,0.007019001119378319,DSP Top 100 Equity Fund - Regular - Growth,DSP Mutual Fund,Equity
149322,2024-10,478.8565043478261,471.1693,487.0983,0.06748254441858303,DSP Top 100 Equity Fund - Regular - Growth,DSP Mutual Fund,Equity
149322,2024-11,464.3796333333333,454.0561,473.6919,-0.20018096959736173,DSP Top 100 Equity Fund - Regular - Growth,DSP Mutual Fund,Equity
149322,2024-12,450.4029090909091,431.2925,460.9549,-0.011228435387081943,DSP Top 100 Equity Fund - Regular - Growth,DSP Mutual Fund,Equity
149322,2025-01,475.6912130434783,454.2515,498.6144,0.35360879183144867,DSP Top 100 Equity Fund - Regular - Growth,DSP Mutual Fund,Equity
149322,2025-02,493.26050999999995,485.6604,501.5657,0.052316532378419156,DSP Top 100 Equity Fund - Regular - Growth,DSP Mutual Fund,Equity
149322,2025-03,493.9707761904762,484.6531,506.2332,0.05803157010205517,DSP Top 100 Equity Fund - Regular - Growth,DSP Mutual Fund,Equity
149322,2025-04,518.0589681818182,501.0455,536.9127,0.08866181411021262,DSP Top 100 Equity Fund - Regular - Growth,DSP Mutual Fund,Equity
149322,2025-05,512.1466454545455,505.2534,523.5271,0.020615455431810502,DSP Top 100 Equity Fund - Regular - Growth,DSP Mutual Fund,Equity
149322,2025-06,509.2267047619048,502.8364,515.7841,-0.024457510414759076,DSP Top 100 Equity Fund - Regular - Growth,DSP Mutual Fund,Equity
149322,2025-07,514.1393956521739,505.902,528.41,0.1500690292770605,DSP Top 100 Equity Fund - Regular - Growth,DSP Mutual Fund,Equity
149322,2025-08,524.9291095238095,512.3835,535.2798,-0.02138082759376226,DSP Top 100 Equity Fund - Regular - Growth,DSP Mutual Fund,Equity
149322,2025-09,542.7162681818182,521.6962,559.4273,0.253424259996973,DSP Top 100 Equity Fund - Regular - Growth,DSP Mutual Fund,Equity
149322,2025-10,557.1727565217392,538.8463,578.3861,0.11219493216438745,DSP Top 100 Equity Fund - Regular - Growth,DSP Mutual Fund,Equity
149322,2025-11,589.19435,574.411,599.7701,0.24407733030293866,DSP Top 100 Equity Fund - Regular - Growth,DSP Mutual Fund,Equity
149322,2025-12,615.8758826086956,599.417,623.1557,0.11294262831931728,DSP Top 100 Equity Fund - Regular - Growth,DSP Mutual Fund,Equity
149322,2026-01,634.2956090909091,612.1008,658.5042,0.018712186906005342,DSP Top 100 Equity Fund - Regular - Growth,DSP Mutual Fund,Equity
149322,2026-02,627.99113,617.8198,640.3705,0.17960122861348568,DSP Top 100 Equity Fund - Regular - Growth,DSP Mutual Fund,Equity
149322,2026-03,611.2017500000001,587.7588,630.797,-0.31024182770779624,DSP Top 100 Equity Fund - Regular - Growth,DSP Mutual Fund,Equity
149322,2026-04,606.42395,588.9147,626.765,0.23937166523212125,DSP Top 100 Equity Fund - Regular - Growth,DSP Mutual Fund,Equity
149322,2026-05,613.7017095238095,600.8596,624.8302,-0.14222494589841972,DSP Top 100 Equity Fund - Regular - Growth,DSP Mutual Fund,Equity
149323,2022-01,79.32700476190476,77.0447,81.425,0.13550121536302312,DSP Midcap Fund - Regular - Growth,DSP Mutual Fund,Equity
149323,2022-02,81.10799,79.9043,83.1635,0.06506967824503056,DSP Midcap Fund - Regular - Growth,DSP Mutual Fund,Equity
149323,2022-03,79.6167695652174,77.2946,83.0041,-0.0347068881967551,DSP Midcap Fund - Regular - Growth,DSP Mutual Fund,Equity
149323,2022-04,79.14354285714286,76.7537,81.6994,-0.1254557451513366,DSP Midcap Fund - Regular - Growth,DSP Mutual Fund,Equity
149323,2022-05,82.03843636363636,78.5587,86.5996,0.4528291597497685,DSP Midcap Fund - Regular - Growth,DSP Mutual Fund,Equity
149323,2022-06,83.18332727272728,79.4961,88.1749,-0.1342071913239797,DSP Midcap Fund - Regular - Growth,DSP Mutual Fund,Equity
149323,2022-07,81.76057142857142,79.1657,85.1168,0.07539697070239312,DSP Midcap Fund - Regular - Growth,DSP Mutual Fund,Equity
149323,2022-08,80.84430434782608,77.4408,85.3991,-0.2647469225164258,DSP Midcap Fund - Regular - Growth,DSP Mutual Fund,Equity
149323,2022-09,79.86487272727273,78.4005,82.2065,0.026409478794417705,DSP Midcap Fund - Regular - Growth,DSP Mutual Fund,Equity
149323,2022-10,76.87479047619047,72.9664,81.2954,-0.4342466287358544,DSP Midcap Fund - Regular - Growth,DSP Mutual Fund,Equity
149323,2022-11,77.73078181818181,73.786,79.946,0.38833955286555155,DSP Midcap Fund - Regular - Growth,DSP Mutual Fund,Equity
149323,2022-12,86.2414909090909,79.6525,91.3378,0.624757799300494,DSP Midcap Fund - Regular - Growth,DSP Mutual Fund,Equity
149323,2023-01,87.96180909090909,84.1202,91.6525,-0.28119426675861603,DSP Midcap Fund - Regular - Growth,DSP Mutual Fund,Equity
149323,2023-02,86.611975,82.4623,93.8328,0.4644902955428242,DSP Midcap Fund - Regular - Growth,DSP Mutual Fund,Equity
149323,2023-03,98.19224782608696,94.2812,102.6699,0.37266109690805854,DSP Midcap Fund - Regular - Growth,DSP Mutual Fund,Equity
149323,2023-04,110.260445,101.532,119.4826,0.7985603552787546,DSP Midcap Fund - Regular - Growth,DSP Mutual Fund,Equity
149323,2023-05,117.36266521739131,113.1743,120.4063,0.032851352455653494,DSP Midcap Fund - Regular - Growth,DSP Mutual Fund,Equity
149323,2023-06,126.89912272727274,120.4785,132.5097,0.429912553776402,DSP Midcap Fund - Regular - Growth,DSP Mutual Fund,Equity
149323,2023-07,129.36586666666668,125.9023,136.57,0.1680413698798133,DSP Midcap Fund - Regular - Growth,DSP Mutual Fund,Equity
149323,2023-08,137.11203478260867,134.8159,139.9274,-0.006684728636012677,DSP Midcap Fund - Regular - Growth,DSP Mutual Fund,Equity
149323,2023-09,138.05559047619047,135.5511,142.6103,0.22375280328182603,DSP Midcap Fund - Regular - Growth,DSP Mutual Fund,Equity
149323,2023-10,138.6507090909091,134.5937,144.3415,-0.15559883349255907,DSP Midcap Fund - Regular - Growth,DSP Mutual Fund,Equity
149323,2023-11,134.11606818181818,131.2504,136.1479,-0.2024353531610916,DSP Midcap Fund - Regular - Growth,DSP Mutual Fund,Equity
149323,2023-12,132.89354285714285,130.0722,136.2917,0.17430881034238815,DSP Midcap Fund - Regular - Growth,DSP Mutual Fund,Equity
149323,2024-01,139.64125217391305,135.4716,145.2809,0.2805454133909284,DSP Midcap Fund - Regular - Growth,DSP Mutual Fund,Equity
149323,2024-02,142.65040476190475,138.613,147.043,-0.12547213108008648,DSP Midcap Fund - Regular - Growth,DSP Mutual Fund,Equity
149323,2024-03,133.92390952380953,128.3448,138.4092,-0.4545608610435239,DSP Midcap Fund - Regular - Growth,DSP Mutual Fund,Equity
149323,2024-04,129.96276363636363,125.3097,133.6102,-0.06185842235287942,DSP Midcap Fund - Regular - Growth,DSP Mutual Fund,Equity
149323,2024-05,125.33243913043478,122.8293,129.1148,-0.054718490539808276,DSP Midcap Fund - Regular - Growth,DSP Mutual Fund,Equity
149323,2024-06,125.716155,123.0311,129.3542,-0.0048440953347073205,DSP Midcap Fund - Regular - Growth,DSP Mutual Fund,Equity
149323,2024-07,133.2343739130435,125.5335,142.0118,0.5307324331565029,DSP Midcap Fund - Regular - Growth,DSP Mutual Fund,Equity
149323,2024-08,151.9460318181818,145.0049,156.8776,0.5095220833916588,DSP Midcap Fund - Regular - Growth,DSP Mutual Fund,Equity
149323,2024-09,167.96145714285714,155.0198,179.612,0.657749184383564,DSP Midcap Fund - Regular - Growth,DSP Mutual Fund,Equity
149323,2024-10,186.5910347826087,177.0917,192.0434,0.24263665516814817,DSP Midcap Fund - Regular - Growth,DSP Mutual Fund,Equity
149323,2024-11,193.44211904761906,187.7426,204.2892,0.3615963689467166,DSP Midcap Fund - Regular - Growth,DSP Mutual Fund,Equity
149323,2024-12,201.69450454545452,194.3116,215.522,0.2501306134793985,DSP Midcap Fund - Regular - Growth,DSP Mutual Fund,Equity
149323,2025-01,218.5929652173913,212.3062,227.2178,0.010575096274513087,DSP Midcap Fund - Regular - Growth,DSP Mutual Fund,Equity
149323,2025-02,211.150045,208.0271,216.3077,-0.10833382387207542,DSP Midcap Fund - Regular - Growth,DSP Mutual Fund,Equity
149323,2025-03,204.1348761904762,198.3139,214.2579,-0.22256790819388725,DSP Midcap Fund - Regular - Growth,DSP Mutual Fund,Equity
149323,2025-04,195.26789090909094,190.5812,200.2816,-0.1742168799119577,DSP Midcap Fund - Regular - Growth,DSP Mutual Fund,Equity
149323,2025-05,198.31086363636362,194.0891,204.0973,0.26100457050819376,DSP Midcap Fund - Regular - Growth,DSP Mutual Fund,Equity
149323,2025-06,203.2415238095238,197.0525,211.8985,0.18523652475801775,DSP Midcap Fund - Regular - Growth,DSP Mutual Fund,Equity
149323,2025-07,213.36201739130433,208.5916,218.6863,-0.046713473121585546,DSP Midcap Fund - Regular - Growth,DSP Mutual Fund,Equity
149323,2025-08,219.2927380952381,209.5966,230.7778,0.4642763492395283,DSP Midcap Fund - Regular - Growth,DSP Mutual Fund,Equity
149323,2025-09,222.5865318181818,216.2427,228.3505,-0.2818104341402823,DSP Midcap Fund - Regular - Growth,DSP Mutual Fund,Equity
149323,2025-10,228.56519130434782,216.1356,236.4142,0.39216045384985415,DSP Midcap Fund - Regular - Growth,DSP Mutual Fund,Equity
149323,2025-11,241.63204000000002,237.3319,247.0824,0.10256743171283053,DSP Midcap Fund - Regular - Growth,DSP Mutual Fund,Equity
149323,2025-12,225.40172608695653,215.87,241.2691,-0.34296837059501895,DSP Midcap Fund - Regular - Growth,DSP Mutual Fund,Equity
149323,2026-01,226.44174999999998,220.5904,238.3526,0.2540890699539323,DSP Midcap Fund - Regular - Growth,DSP Mutual Fund,Equity
149323,2026-02,246.07754,236.2785,256.1155,0.24585296155041458,DSP Midcap Fund - Regular - Growth,DSP Mutual Fund,Equity
149323,2026-03,241.9794318181818,237.7973,248.7028,0.04004376266329282,DSP Midcap Fund - Regular - Growth,DSP Mutual Fund,Equity
149323,2026-04,247.45547727272725,244.7721,251.6502,0.028172619681719125,DSP Midcap Fund - Regular - Growth,DSP Mutual Fund,Equity
149323,2026-05,249.59664285714285,245.3651,257.6666,-0.07799547881004407,DSP Midcap Fund - Regular - Growth,DSP Mutual Fund,Equity
149324,2022-01,80.9424238095238,78.7704,83.8536,-0.12235168388498754,DSP Small Cap Fund - Regular - Growth,DSP Mutual Fund,Equity
149324,2022-02,80.63686,75.6029,84.5508,0.30286415033414726,DSP Small Cap Fund - Regular - Growth,DSP Mutual Fund,Equity
149324,2022-03,84.45167826086957,81.3438,87.282,-0.10329202828408789,DSP Small Cap Fund - Regular - Growth,DSP Mutual Fund,Equity
149324,2022-04,79.46170952380952,76.2324,83.6806,-0.3361721396408922,DSP Small Cap Fund - Regular - Growth,DSP Mutual Fund,Equity
149324,2022-05,82.10633181818183,76.8819,85.2753,0.301920015882138,DSP Small Cap Fund - Regular - Growth,DSP Mutual Fund,Equity
149324,2022-06,83.0249909090909,80.3263,86.338,0.04083713534732339,DSP Small Cap Fund - Regular - Growth,DSP Mutual Fund,Equity
149324,2022-07,77.91072857142856,75.646,81.6946,-0.3662880829184195,DSP Small Cap Fund - Regular - Growth,DSP Mutual Fund,Equity
149324,2022-08,77.66371304347827,73.6757,80.285,0.20311478071770725,DSP Small Cap Fund - Regular - Growth,DSP Mutual Fund,Equity
149324,2022-09,80.95987272727272,79.1563,83.6182,0.062244160518222104,DSP Small Cap Fund - Regular - Growth,DSP Mutual Fund,Equity
149324,2022-10,81.15660476190476,79.0198,84.6096,0.1910139590567453,DSP Small Cap Fund - Regular - Growth,DSP Mutual Fund,Equity
149324,2022-11,91.59635909090909,83.409,102.7272,0.979385026618809,DSP Small Cap Fund - Regular - Growth,DSP Mutual Fund,Equity
149324,2022-12,106.05323636363636,102.0526,110.8165,0.3639595071662686,DSP Small Cap Fund - Regular - Growth,DSP Mutual Fund,Equity
149324,2023-01,116.61637272727272,111.1414,124.9672,0.5390052873358248,DSP Small Cap Fund - Regular - Growth,DSP Mutual Fund,Equity
149324,2023-02,121.63569500000001,117.9081,125.1734,0.011579491869097036,DSP Small Cap Fund - Regular - Growth,DSP Mutual Fund,Equity
149324,2023-03,119.07165652173913,115.5267,122.2484,-0.08808947426413703,DSP Small Cap Fund - Regular - Growth,DSP Mutual Fund,Equity
149324,2023-04,133.253265,124.2304,143.1763,0.6657669097190555,DSP Small Cap Fund - Regular - Growth,DSP Mutual Fund,Equity
149324,2023-05,136.5819,132.9317,140.5866,-0.06560438061128189,DSP Small Cap Fund - Regular - Growth,DSP Mutual Fund,Equity
149324,2023-06,141.7568818181818,135.211,146.4274,0.3388220411905623,DSP Small Cap Fund - Regular - Growth,DSP Mutual Fund,Equity
149324,2023-07,136.5359,127.6157,146.0267,-0.6462821028090825,DSP Small Cap Fund - Regular - Growth,DSP Mutual Fund,Equity
149324,2023-08,129.37652608695652,124.5272,134.515,-0.07908865888915009,DSP Small Cap Fund - Regular - Growth,DSP Mutual Fund,Equity
149324,2023-09,116.8401619047619,111.7951,123.3903,-0.4169239615460642,DSP Small Cap Fund - Regular - Growth,DSP Mutual Fund,Equity
149324,2023-10,112.93200454545455,108.1814,119.2848,-0.049810382606248794,DSP Small Cap Fund - Regular - Growth,DSP Mutual Fund,Equity
149324,2023-11,115.2534909090909,109.6055,122.5213,0.3916415990250428,DSP Small Cap Fund - Regular - Growth,DSP Mutual Fund,Equity
149324,2023-12,134.80162380952382,123.3791,147.2883,0.8936393841222726,DSP Small Cap Fund - Regular - Growth,DSP Mutual Fund,Equity
149324,2024-01,149.99375217391304,147.0716,152.6696,0.08973583241445525,DSP Small Cap Fund - Regular - Growth,DSP Mutual Fund,Equity
149324,2024-02,149.15586666666667,140.392,156.151,-0.2294359742036121,DSP Small Cap Fund - Regular - Growth,DSP Mutual Fund,Equity
149324,2024-03,142.09278571428572,136.6056,148.0971,0.19255633096410985,DSP Small Cap Fund - Regular - Growth,DSP Mutual Fund,Equity
149324,2024-04,158.50136363636364,149.1234,168.3471,0.5953924979835551,DSP Small Cap Fund - Regular - Growth,DSP Mutual Fund,Equity
149324,2024-05,167.16486086956522,158.8483,174.4645,-0.11182296286215912,DSP Small Cap Fund - Regular - Growth,DSP Mutual Fund,Equity
149324,2024-06,163.059945,158.3096,167.7485,0.037998850681705276,DSP Small Cap Fund - Regular - Growth,DSP Mutual Fund,Equity
149324,2024-07,157.06039130434783,147.196,166.1511,-0.44159940170044604,DSP Small Cap Fund - Regular - Growth,DSP Mutual Fund,Equity
149324,2024-08,140.76555454545453,134.9433,150.0434,-0.30729329089312263,DSP Small Cap Fund - Regular - Growth,DSP Mutual Fund,Equity
149324,2024-09,141.2470857142857,137.6791,144.6915,0.042824800301305664,DSP Small Cap Fund - Regular - Growth,DSP Mutual Fund,Equity
149324,2024-10,131.7626956521739,120.1821,142.4244,-0.5932548793571345,DSP Small Cap Fund - Regular - Growth,DSP Mutual Fund,Equity
149324,2024-11,127.29434761904763,123.449,130.8913,0.30327990023847395,DSP Small Cap Fund - Regular - Growth,DSP Mutual Fund,Equity
149324,2024-12,128.42936363636363,125.1137,131.3062,-0.06055415867475418,DSP Small Cap Fund - Regular - Growth,DSP Mutual Fund,Equity
149324,2025-01,134.5506695652174,120.0806,149.285,0.7037052407455853,DSP Small Cap Fund - Regular - Growth,DSP Mutual Fund,Equity
149324,2025-02,143.68512,138.4644,150.6865,-0.06669135537021531,DSP Small Cap Fund - Regular - Growth,DSP Mutual Fund,Equity
149324,2025-03,151.45388095238096,146.3736,159.0243,0.34893226345308603,DSP Small Cap Fund - Regular - Growth,DSP Mutual Fund,Equity
149324,2025-04,164.34723181818183,159.2192,171.4395,0.30067151943347487,DSP Small Cap Fund - Regular - Growth,DSP Mutual Fund,Equity
149324,2025-05,169.23324545454545,164.7747,173.2292,0.09526154922758566,DSP Small Cap Fund - Regular - Growth,DSP Mutual Fund,Equity
149324,2025-06,174.30511904761906,170.5834,180.7339,0.09172688602014711,DSP Small Cap Fund - Regular - Growth,DSP Mutual Fund,Equity
149324,2025-07,170.8928652173913,166.5702,175.9042,0.08849087833382935,DSP Small Cap Fund - Regular - Growth,DSP Mutual Fund,Equity
149324,2025-08,180.15436190476188,171.173,187.2776,-0.1198837034979604,DSP Small Cap Fund - Regular - Growth,DSP Mutual Fund,Equity
149324,2025-09,197.82626818181816,171.2053,218.4408,1.0678688495913162,DSP Small Cap Fund - Regular - Growth,DSP Mutual Fund,Equity
149324,2025-10,217.52139130434784,203.1387,240.4185,0.41187769772277,DSP Small Cap Fund - Regular - Growth,DSP Mutual Fund,Equity
149324,2025-11,247.327915,232.5437,255.9754,0.36164878123657546,DSP Small Cap Fund - Regular - Growth,DSP Mutual Fund,Equity
149324,2025-12,253.74023043478263,240.2371,265.2696,-0.008744706445659592,DSP Small Cap Fund - Regular - Growth,DSP Mutual Fund,Equity
149324,2026-01,253.5149090909091,245.9189,264.4856,0.1917889091562546,DSP Small Cap Fund - Regular - Growth,DSP Mutual Fund,Equity
149324,2026-02,249.42876500000003,241.01,261.4393,-0.22800782054100854,DSP Small Cap Fund - Regular - Growth,DSP Mutual Fund,Equity
149324,2026-03,263.0494227272727,250.714,284.5756,0.6054376127146361,DSP Small Cap Fund - Regular - Growth,DSP Mutual Fund,Equity
149324,2026-04,305.93974545454546,276.2783,336.6937,0.6290312291021928,DSP Small Cap Fund - Regular - Growth,DSP Mutual Fund,Equity
149324,2026-05,303.7225714285714,279.7511,332.2347,-0.7134674934188596,DSP Small Cap Fund - Regular - Growth,DSP Mutual Fund,Equity
